vote_id,kmmbr_id,kmmbr_name,vote_result,knesset_num,faction_id,faction_name,reason,modifier,remark
31685,000000427,אביגדור ליברמן,1,21,929.0,,,,
31686,000000427,אביגדור ליברמן,1,21,929.0,,,,
31735,000000427,אביגדור ליברמן,1,21,929.0,ישראל ביתנו,,,
31736,000000427,אביגדור ליברמן,1,21,929.0,ישראל ביתנו,,,
31710,000000467,צחי הנגבי,1,21,931.0,הליכוד,,,
31734,000000467,צחי הנגבי,1,21,931.0,הליכוד,,,
31735,000000467,צחי הנגבי,1,21,931.0,הליכוד,,,
31736,000000467,צחי הנגבי,1,21,931.0,הליכוד,,,
31766,000000467,צחי הנגבי,1,21,931.0,הליכוד,,,
31685,000000468,ישראל כץ,1,21,931.0,,,,
31686,000000468,ישראל כץ,1,21,931.0,,,,
31734,000000468,ישראל כץ,1,21,931.0,הליכוד,,,
31735,000000468,ישראל כץ,1,21,931.0,הליכוד,,,
31736,000000468,ישראל כץ,1,21,931.0,הליכוד,,,
31685,000000477,יובל שטייניץ,1,21,931.0,,,,
31686,000000477,יובל שטייניץ,1,21,931.0,,,,
31734,000000477,יובל שטייניץ,1,21,931.0,הליכוד,,,
31735,000000477,יובל שטייניץ,1,21,931.0,הליכוד,,,
31736,000000477,יובל שטייניץ,1,21,931.0,הליכוד,,,
31749,000000477,יובל שטייניץ,1,21,931.0,הליכוד,,,
31750,000000477,יובל שטייניץ,1,21,931.0,הליכוד,,,
31685,000000498,משולם נהרי,1,21,918.0,,,,
31686,000000498,משולם נהרי,1,21,918.0,,,,
31710,000000498,משולם נהרי,1,21,918.0,"ש""ס",,,
31734,000000498,משולם נהרי,1,21,918.0,"ש""ס",,,
31735,000000498,משולם נהרי,1,21,918.0,"ש""ס",,,
31736,000000498,משולם נהרי,1,21,918.0,"ש""ס",,,
31766,000000498,משולם נהרי,1,21,918.0,"ש""ס",,,
31774,000000498,משולם נהרי,1,21,918.0,"ש""ס",,,
31685,000000503,אילן גילאון,3,21,926.0,,,,
31686,000000503,אילן גילאון,1,21,926.0,,,,
31734,000000503,אילן גילאון,2,21,926.0,מרצ,,,
31735,000000503,אילן גילאון,2,21,926.0,מרצ,,,
31736,000000503,אילן גילאון,2,21,926.0,מרצ,,,
31685,000000526,משה גפני,1,21,928.0,,,,
31686,000000526,משה גפני,1,21,928.0,,,,
31694,000000526,משה גפני,1,21,928.0,יהדות התורה,,,
31734,000000526,משה גפני,1,21,928.0,יהדות התורה,,,
31735,000000526,משה גפני,1,21,928.0,יהדות התורה,,,
31751,000000526,משה גפני,1,21,928.0,יהדות התורה,,,
31752,000000526,משה גפני,1,21,928.0,יהדות התורה,,,
31753,000000526,משה גפני,1,21,928.0,יהדות התורה,,,
31766,000000526,משה גפני,1,21,928.0,יהדות התורה,,,
31685,000000528,יעקב ליצמן,1,21,928.0,,,,
31686,000000528,יעקב ליצמן,1,21,928.0,,,,
31734,000000528,יעקב ליצמן,1,21,928.0,יהדות התורה,,,
31735,000000528,יעקב ליצמן,1,21,928.0,יהדות התורה,,,
31736,000000528,יעקב ליצמן,1,21,928.0,יהדות התורה,,,
31685,000000532,יולי יואל אדלשטיין,1,21,931.0,,,,
31686,000000532,יולי יואל אדלשטיין,1,21,931.0,,,,
31694,000000532,יולי יואל אדלשטיין,1,21,931.0,הליכוד,,,
31710,000000532,יולי יואל אדלשטיין,1,21,931.0,הליכוד,,,
31734,000000532,יולי יואל אדלשטיין,1,21,931.0,הליכוד,,,
31735,000000532,יולי יואל אדלשטיין,1,21,931.0,הליכוד,,,
31736,000000532,יולי יואל אדלשטיין,1,21,931.0,הליכוד,,,
31752,000000532,יולי יואל אדלשטיין,1,21,931.0,הליכוד,,,
31753,000000532,יולי יואל אדלשטיין,1,21,931.0,הליכוד,,,
31766,000000532,יולי יואל אדלשטיין,1,21,931.0,הליכוד,,,
31772,000000532,יולי יואל אדלשטיין,1,21,931.0,הליכוד,,,
31685,000000556,חיים כץ,1,21,931.0,,,,
31686,000000556,חיים כץ,1,21,931.0,,,,
31734,000000556,חיים כץ,1,21,931.0,הליכוד,,,
31736,000000556,חיים כץ,1,21,931.0,הליכוד,,,
31685,000000557,עמיר פרץ,1,21,925.0,,,,
31686,000000557,עמיר פרץ,1,21,925.0,,,,
31734,000000557,עמיר פרץ,2,21,925.0,העבודה,,,
31735,000000557,עמיר פרץ,2,21,925.0,העבודה,,,
31694,000000560,אחמד טיבי,1,21,924.0,"חד""ש-תע""ל",,,
31734,000000560,אחמד טיבי,3,21,924.0,"חד""ש-תע""ל",,,
31736,000000560,אחמד טיבי,3,21,924.0,"חד""ש-תע""ל",,,
31766,000000560,אחמד טיבי,2,21,924.0,"חד""ש-תע""ל",,,
31685,000000563,מאיר פרוש,1,21,928.0,,,,
31686,000000563,מאיר פרוש,1,21,928.0,,,,
31710,000000563,מאיר פרוש,1,21,928.0,יהדות התורה,,,
31734,000000563,מאיר פרוש,1,21,928.0,יהדות התורה,,,
31735,000000563,מאיר פרוש,1,21,928.0,יהדות התורה,,,
31736,000000563,מאיר פרוש,1,21,928.0,יהדות התורה,,,
31774,000000563,מאיר פרוש,1,21,928.0,יהדות התורה,,,
31685,000000580,יצחק כהן,1,21,918.0,,,,
31686,000000580,יצחק כהן,1,21,918.0,,,,
31734,000000580,יצחק כהן,1,21,918.0,"ש""ס",,,
31735,000000580,יצחק כהן,1,21,918.0,"ש""ס",,,
31736,000000580,יצחק כהן,1,21,918.0,"ש""ס",,,
31766,000000580,יצחק כהן,1,21,918.0,"ש""ס",,,
31685,000000965,בנימין נתניהו,1,21,931.0,,,,
31686,000000965,בנימין נתניהו,1,21,931.0,,,,
31685,000001025,גילה גמליאל,1,21,931.0,,,,
31686,000001025,גילה גמליאל,1,21,931.0,,,,
31710,000001025,גילה גמליאל,1,21,931.0,הליכוד,,,
31734,000001025,גילה גמליאל,1,21,931.0,הליכוד,,,
31735,000001025,גילה גמליאל,1,21,931.0,הליכוד,,,
31736,000001025,גילה גמליאל,1,21,931.0,הליכוד,,,
31685,000001027,גדעון סער,1,21,931.0,,,,
31686,000001027,גדעון סער,1,21,931.0,,,,
31694,000001027,גדעון סער,1,21,931.0,הליכוד,,,
31734,000001027,גדעון סער,1,21,931.0,הליכוד,,,
31736,000001027,גדעון סער,1,21,931.0,הליכוד,,,
31766,000001027,גדעון סער,1,21,931.0,הליכוד,,,
31774,000001027,גדעון סער,1,21,931.0,הליכוד,,,
31685,000001034,משה כחלון,1,21,930.0,,,,
31686,000001034,משה כחלון,1,21,930.0,,,,
31734,000001034,משה כחלון,1,21,930.0,כולנו,,,
31735,000001034,משה כחלון,1,21,930.0,כולנו,,,
31736,000001034,משה כחלון,1,21,930.0,כולנו,,,
31766,000001034,משה כחלון,1,21,930.0,כולנו,,,
31774,000001034,משה כחלון,1,21,930.0,כולנו,,,
31685,000001037,גלעד ארדן,1,21,931.0,,,,
31686,000001037,גלעד ארדן,1,21,931.0,,,,
31734,000001037,גלעד ארדן,1,21,931.0,הליכוד,,,
31735,000001037,גלעד ארדן,1,21,931.0,הליכוד,,,
31736,000001037,גלעד ארדן,1,21,931.0,הליכוד,,,
31685,000001056,יעקב מרגי,1,21,918.0,,,,
31686,000001056,יעקב מרגי,1,21,918.0,,,,
31694,000001056,יעקב מרגי,1,21,918.0,"ש""ס",,,
31710,000001056,יעקב מרגי,1,21,918.0,"ש""ס",,,
31734,000001056,יעקב מרגי,1,21,918.0,"ש""ס",,,
31735,000001056,יעקב מרגי,1,21,918.0,"ש""ס",,,
31736,000001056,יעקב מרגי,1,21,918.0,"ש""ס",,,
31751,000001056,יעקב מרגי,1,21,918.0,"ש""ס",,,
31766,000001056,יעקב מרגי,1,21,918.0,"ש""ס",,,
31774,000001056,יעקב מרגי,1,21,918.0,"ש""ס",,,
31685,000001057,ישראל אייכלר,1,21,928.0,,,,
31686,000001057,ישראל אייכלר,1,21,928.0,,,,
31694,000001057,ישראל אייכלר,1,21,928.0,יהדות התורה,,,
31710,000001057,ישראל אייכלר,1,21,928.0,יהדות התורה,,,
31734,000001057,ישראל אייכלר,1,21,928.0,יהדות התורה,,,
31735,000001057,ישראל אייכלר,1,21,928.0,יהדות התורה,,,
31736,000001057,ישראל אייכלר,1,21,928.0,יהדות התורה,,,
31749,000001057,ישראל אייכלר,1,21,928.0,יהדות התורה,,,
31750,000001057,ישראל אייכלר,1,21,928.0,יהדות התורה,,,
31751,000001057,ישראל אייכלר,1,21,928.0,יהדות התורה,,,
31766,000001057,ישראל אייכלר,1,21,928.0,יהדות התורה,,,
31685,000002291,אריה מכלוף דרעי,1,21,918.0,,,,
31686,000002291,אריה מכלוף דרעי,1,21,918.0,,,,
31734,000002291,אריה מכלוף דרעי,1,21,918.0,"ש""ס",,,
31735,000002291,אריה מכלוף דרעי,1,21,918.0,"ש""ס",,,
31685,000004395,אבי דיכטר,1,21,931.0,,,,
31686,000004395,אבי דיכטר,1,21,931.0,,,,
31694,000004395,אבי דיכטר,1,21,931.0,הליכוד,,,
31734,000004395,אבי דיכטר,1,21,931.0,הליכוד,,,
31735,000004395,אבי דיכטר,1,21,931.0,הליכוד,,,
31736,000004395,אבי דיכטר,1,21,931.0,הליכוד,,,
31766,000004395,אבי דיכטר,1,21,931.0,הליכוד,,,
31774,000004395,אבי דיכטר,1,21,931.0,הליכוד,,,
31685,000004397,זאב אלקין,1,21,931.0,,,,
31686,000004397,זאב אלקין,1,21,931.0,,,,
31710,000004397,זאב אלקין,1,21,931.0,הליכוד,,,
31734,000004397,זאב אלקין,1,21,931.0,הליכוד,,,
31735,000004397,זאב אלקין,1,21,931.0,הליכוד,,,
31736,000004397,זאב אלקין,1,21,931.0,הליכוד,,,
31766,000004397,זאב אלקין,1,21,931.0,הליכוד,,,
31774,000004397,זאב אלקין,1,21,931.0,הליכוד,,,
31734,000004405,שלי יחימוביץ,2,21,925.0,העבודה,,,
31735,000004405,שלי יחימוביץ,2,21,925.0,העבודה,,,
31736,000004405,שלי יחימוביץ,2,21,925.0,העבודה,,,
31773,000004405,שלי יחימוביץ,1,21,925.0,העבודה,,,
31685,000011835,אורי מקלב,1,21,928.0,,,,
31686,000011835,אורי מקלב,1,21,928.0,,,,
31694,000011835,אורי מקלב,1,21,928.0,יהדות התורה,,,
31710,000011835,אורי מקלב,1,21,928.0,יהדות התורה,,,
31734,000011835,אורי מקלב,1,21,928.0,יהדות התורה,,,
31735,000011835,אורי מקלב,1,21,928.0,יהדות התורה,,,
31736,000011835,אורי מקלב,1,21,928.0,יהדות התורה,,,
31766,000011835,אורי מקלב,1,21,928.0,יהדות התורה,,,
31685,000012937,אופיר אקוניס,1,21,931.0,,,,
31686,000012937,אופיר אקוניס,1,21,931.0,,,,
31710,000012937,אופיר אקוניס,1,21,931.0,הליכוד,,,
31734,000012937,אופיר אקוניס,1,21,931.0,הליכוד,,,
31735,000012937,אופיר אקוניס,1,21,931.0,הליכוד,,,
31736,000012937,אופיר אקוניס,1,21,931.0,הליכוד,,,
31685,000012948,ציפי חוטובלי,1,21,931.0,,,,
31686,000012948,ציפי חוטובלי,1,21,931.0,,,,
31710,000012948,ציפי חוטובלי,1,21,931.0,הליכוד,,,
31734,000012948,ציפי חוטובלי,1,21,931.0,הליכוד,,,
31735,000012948,ציפי חוטובלי,1,21,931.0,הליכוד,,,
31736,000012948,ציפי חוטובלי,1,21,931.0,הליכוד,,,
31774,000012948,ציפי חוטובלי,1,21,931.0,הליכוד,,,
31685,000012951,יריב לוין,1,21,931.0,,,,
31686,000012951,יריב לוין,1,21,931.0,,,,
31710,000012951,יריב לוין,1,21,931.0,הליכוד,,,
31734,000012951,יריב לוין,1,21,931.0,הליכוד,,,
31735,000012951,יריב לוין,1,21,931.0,הליכוד,,,
31736,000012951,יריב לוין,1,21,931.0,הליכוד,,,
31766,000012951,יריב לוין,1,21,931.0,הליכוד,,,
31774,000012951,יריב לוין,1,21,931.0,הליכוד,,,
31685,000012959,מירי רגב,1,21,931.0,,,,
31686,000012959,מירי רגב,1,21,931.0,,,,
31710,000012959,מירי רגב,1,21,931.0,הליכוד,,,
31734,000012959,מירי רגב,1,21,931.0,הליכוד,,,
31735,000012959,מירי רגב,1,21,931.0,הליכוד,,,
31736,000012959,מירי רגב,1,21,931.0,הליכוד,,,
31685,000012963,משה יעלון,1,21,917.0,,,,
31686,000012963,משה יעלון,1,21,917.0,,,,
31694,000012963,משה יעלון,1,21,917.0,כחול לבן,,,
31710,000012963,משה יעלון,2,21,917.0,כחול לבן,,,
31734,000012963,משה יעלון,2,21,917.0,כחול לבן,,,
31735,000012963,משה יעלון,2,21,917.0,כחול לבן,,,
31736,000012963,משה יעלון,2,21,917.0,כחול לבן,,,
31774,000012963,משה יעלון,1,21,917.0,כחול לבן,,,
31685,000023531,אלי בן-דהן,1,21,931.0,,,,
31686,000023531,אלי בן-דהן,1,21,931.0,,,,
31710,000023531,אלי בן-דהן,1,21,931.0,הליכוד,,,
31734,000023531,אלי בן-דהן,1,21,931.0,הליכוד,,,
31735,000023531,אלי בן-דהן,1,21,931.0,הליכוד,,,
31736,000023531,אלי בן-דהן,1,21,931.0,הליכוד,,,
31772,000023531,אלי בן-דהן,1,21,931.0,הליכוד,,,
31774,000023531,אלי בן-דהן,1,21,931.0,הליכוד,,,
31685,000023534,מרדכי יוגב,1,21,923.0,,,,
31686,000023534,מרדכי יוגב,1,21,923.0,,,,
31694,000023534,מרדכי יוגב,1,21,923.0,איחוד מפלגות הימין,,,
31710,000023534,מרדכי יוגב,1,21,923.0,איחוד מפלגות הימין,,,
31734,000023534,מרדכי יוגב,1,21,923.0,איחוד מפלגות הימין,,,
31735,000023534,מרדכי יוגב,1,21,923.0,איחוד מפלגות הימין,,,
31736,000023534,מרדכי יוגב,1,21,923.0,איחוד מפלגות הימין,,,
31685,000023558,דוד ביטן,1,21,931.0,,,,
31686,000023558,דוד ביטן,1,21,931.0,,,,
31694,000023558,דוד ביטן,1,21,931.0,הליכוד,,,
31710,000023558,דוד ביטן,1,21,931.0,הליכוד,,,
31734,000023558,דוד ביטן,1,21,931.0,הליכוד,,,
31735,000023558,דוד ביטן,1,21,931.0,הליכוד,,,
31736,000023558,דוד ביטן,1,21,931.0,הליכוד,,,
31751,000023558,דוד ביטן,1,21,931.0,הליכוד,,,
31752,000023558,דוד ביטן,1,21,931.0,הליכוד,,,
31753,000023558,דוד ביטן,1,21,931.0,הליכוד,,,
31766,000023558,דוד ביטן,1,21,931.0,הליכוד,,,
31685,000023560,יוליה מלינובסקי,1,21,929.0,,,,
31686,000023560,יוליה מלינובסקי,1,21,929.0,,,,
31710,000023560,יוליה מלינובסקי,1,21,929.0,ישראל ביתנו,,,
31734,000023560,יוליה מלינובסקי,1,21,929.0,ישראל ביתנו,,,
31735,000023560,יוליה מלינובסקי,1,21,929.0,ישראל ביתנו,,,
31736,000023560,יוליה מלינובסקי,1,21,929.0,ישראל ביתנו,,,
31685,000023564,דוד אמסלם,1,21,931.0,,,,
31686,000023564,דוד אמסלם,1,21,931.0,,,,
31710,000023564,דוד אמסלם,1,21,931.0,הליכוד,,,
31734,000023564,דוד אמסלם,1,21,931.0,הליכוד,,,
31735,000023564,דוד אמסלם,1,21,931.0,הליכוד,,,
31736,000023564,דוד אמסלם,1,21,931.0,הליכוד,,,
31766,000023564,דוד אמסלם,1,21,931.0,הליכוד,,,
31685,000023566,סתיו שפיר,1,21,925.0,,,,
31710,000023566,סתיו שפיר,2,21,925.0,העבודה,,,
31734,000023566,סתיו שפיר,2,21,925.0,העבודה,,,
31735,000023566,סתיו שפיר,2,21,925.0,העבודה,,,
31736,000023566,סתיו שפיר,2,21,925.0,העבודה,,,
31685,000023568,איציק שמולי,1,21,925.0,,,,
31686,000023568,איציק שמולי,1,21,925.0,,,,
31734,000023568,איציק שמולי,2,21,925.0,העבודה,,,
31735,000023568,איציק שמולי,2,21,925.0,העבודה,,,
31736,000023568,איציק שמולי,2,21,925.0,העבודה,,,
31685,000023591,אלעזר שטרן,1,21,917.0,,,,
31686,000023591,אלעזר שטרן,1,21,917.0,,,,
31694,000023591,אלעזר שטרן,1,21,917.0,כחול לבן,,,
31710,000023591,אלעזר שטרן,2,21,917.0,כחול לבן,,,
31734,000023591,אלעזר שטרן,2,21,917.0,כחול לבן,,,
31735,000023591,אלעזר שטרן,2,21,917.0,כחול לבן,,,
31736,000023591,אלעזר שטרן,2,21,917.0,כחול לבן,,,
31752,000023591,אלעזר שטרן,1,21,917.0,כחול לבן,,,
31753,000023591,אלעזר שטרן,1,21,917.0,כחול לבן,,,
31685,000023594,יאיר לפיד,1,21,917.0,,,,
31686,000023594,יאיר לפיד,1,21,917.0,,,,
31694,000023594,יאיר לפיד,1,21,917.0,כחול לבן,,,
31710,000023594,יאיר לפיד,2,21,917.0,כחול לבן,,,
31734,000023594,יאיר לפיד,2,21,917.0,כחול לבן,,,
31735,000023594,יאיר לפיד,2,21,917.0,כחול לבן,,,
31736,000023594,יאיר לפיד,2,21,917.0,כחול לבן,,,
31685,000023596,יעל גרמן,1,21,917.0,,,,
31686,000023596,יעל גרמן,1,21,917.0,,,,
31694,000023596,יעל גרמן,1,21,917.0,כחול לבן,,,
31710,000023596,יעל גרמן,2,21,917.0,כחול לבן,,,
31734,000023596,יעל גרמן,2,21,917.0,כחול לבן,,,
31735,000023596,יעל גרמן,2,21,917.0,כחול לבן,,,
31736,000023596,יעל גרמן,2,21,917.0,כחול לבן,,,
31749,000023596,יעל גרמן,1,21,917.0,כחול לבן,,,
31773,000023596,יעל גרמן,1,21,917.0,כחול לבן,,,
31774,000023596,יעל גרמן,1,21,917.0,כחול לבן,,,
31685,000023597,מאיר כהן,1,21,917.0,,,,
31686,000023597,מאיר כהן,1,21,917.0,,,,
31694,000023597,מאיר כהן,1,21,917.0,כחול לבן,,,
31710,000023597,מאיר כהן,4,21,917.0,כחול לבן,,,
31734,000023597,מאיר כהן,2,21,917.0,כחול לבן,,,
31735,000023597,מאיר כהן,2,21,917.0,כחול לבן,,,
31736,000023597,מאיר כהן,2,21,917.0,כחול לבן,,,
31751,000023597,מאיר כהן,1,21,917.0,כחול לבן,,,
31752,000023597,מאיר כהן,1,21,917.0,כחול לבן,,,
31753,000023597,מאיר כהן,1,21,917.0,כחול לבן,,,
31766,000023597,מאיר כהן,1,21,917.0,כחול לבן,,,
31772,000023597,מאיר כהן,1,21,917.0,כחול לבן,,,
31773,000023597,מאיר כהן,1,21,917.0,כחול לבן,,,
31774,000023597,מאיר כהן,1,21,917.0,כחול לבן,,,
31685,000023600,עפר שלח,1,21,917.0,,,,
31686,000023600,עפר שלח,1,21,917.0,,,,
31710,000023600,עפר שלח,2,21,917.0,כחול לבן,,,
31734,000023600,עפר שלח,2,21,917.0,כחול לבן,,,
31735,000023600,עפר שלח,2,21,917.0,כחול לבן,,,
31736,000023600,עפר שלח,2,21,917.0,כחול לבן,,,
31685,000023601,יואל רזבוזוב,1,21,917.0,,,,
31686,000023601,יואל רזבוזוב,1,21,917.0,,,,
31710,000023601,יואל רזבוזוב,2,21,917.0,כחול לבן,,,
31734,000023601,יואל רזבוזוב,2,21,917.0,כחול לבן,,,
31735,000023601,יואל רזבוזוב,2,21,917.0,כחול לבן,,,
31736,000023601,יואל רזבוזוב,2,21,917.0,כחול לבן,,,
31685,000023631,קארין אלהרר,1,21,917.0,,,,
31686,000023631,קארין אלהרר,1,21,917.0,,,,
31694,000023631,אלהרר קארין,1,21,917.0,כחול לבן,5.0,Unknown,
31710,000023631,קארין אלהרר,2,21,917.0,כחול לבן,,,
31734,000023631,קארין אלהרר,2,21,917.0,כחול לבן,,,
31735,000023631,קארין אלהרר,2,21,917.0,כחול לבן,,,
31736,000023631,קארין אלהרר,2,21,917.0,כחול לבן,,,
31774,000023631,קארין אלהרר,1,21,917.0,כחול לבן,,,
31686,000023632,מיקי לוי,1,21,917.0,,,,
31710,000023632,מיקי לוי,2,21,917.0,כחול לבן,,,
31736,000023632,מיקי לוי,2,21,917.0,כחול לבן,,,
31751,000023632,מיקי לוי,1,21,917.0,כחול לבן,,,
31773,000023632,מיקי לוי,1,21,917.0,כחול לבן,,,
31774,000023632,מיקי לוי,1,21,917.0,כחול לבן,,,
31685,000023635,פנינה תמנו,1,21,917.0,,,,
31686,000023635,פנינה תמנו,1,21,917.0,,,,
31694,000023635,פנינה תמנו,1,21,917.0,כחול לבן,,,
31710,000023635,פנינה תמנו,2,21,917.0,כחול לבן,,,
31734,000023635,פנינה תמנו,2,21,917.0,כחול לבן,,,
31735,000023635,פנינה תמנו,2,21,917.0,כחול לבן,,,
31736,000023635,פנינה תמנו,2,21,917.0,כחול לבן,,,
31751,000023635,פנינה תמנו,1,21,917.0,כחול לבן,,,
31752,000023635,פנינה תמנו,1,21,917.0,כחול לבן,,,
31753,000023635,פנינה תמנו,1,21,917.0,כחול לבן,,,
31686,000023639,בועז טופורובסקי,1,21,917.0,,,,
31694,000023639,בועז טופורובסקי,1,21,917.0,כחול לבן,,,
31710,000023639,בועז טופורובסקי,2,21,917.0,כחול לבן,,,
31734,000023639,בועז טופורובסקי,2,21,917.0,כחול לבן,,,
31735,000023639,בועז טופורובסקי,2,21,917.0,כחול לבן,,,
31736,000023639,בועז טופורובסקי,2,21,917.0,כחול לבן,,,
31772,000023639,בועז טופורובסקי,1,21,917.0,כחול לבן,,,
31774,000023639,בועז טופורובסקי,1,21,917.0,כחול לבן,,,
31685,000023641,יעקב אשר,1,21,928.0,,,,
31686,000023641,יעקב אשר,1,21,928.0,,,,
31710,000023641,יעקב אשר,1,21,928.0,יהדות התורה,,,
31734,000023641,יעקב אשר,1,21,928.0,יהדות התורה,,,
31735,000023641,יעקב אשר,1,21,928.0,יהדות התורה,,,
31736,000023641,יעקב אשר,1,21,928.0,יהדות התורה,,,
31766,000023641,יעקב אשר,1,21,928.0,יהדות התורה,,,
31772,000023641,יעקב אשר,1,21,928.0,יהדות התורה,,,
31774,000023641,יעקב אשר,1,21,928.0,יהדות התורה,,,
31685,000023651,תמר זנדברג,3,21,926.0,,,,
31686,000023651,תמר זנדברג,1,21,926.0,,,,
31710,000023651,תמר זנדברג,2,21,926.0,מרצ,,,
31734,000023651,תמר זנדברג,2,21,926.0,מרצ,,,
31735,000023651,תמר זנדברג,2,21,926.0,מרצ,,,
31736,000023651,תמר זנדברג,2,21,926.0,מרצ,,,
31685,000023652,עיסאווי פריג`,3,21,926.0,,,,
31686,000023652,עיסאווי פריג`,1,21,926.0,,,,
31734,000023652,עיסאווי פריג`,2,21,926.0,מרצ,,,
31735,000023652,עיסאווי פריג`,2,21,926.0,מרצ,,,
31736,000023652,עיסאווי פריג`,2,21,926.0,מרצ,,,
31685,000023653,מיכל רוזין,3,21,926.0,,,,
31686,000023653,מיכל רוזין,1,21,926.0,,,,
31710,000023653,מיכל רוזין,2,21,926.0,מרצ,,,
31734,000023653,מיכל רוזין,2,21,926.0,מרצ,,,
31735,000023653,מיכל רוזין,2,21,926.0,מרצ,,,
31736,000023653,מיכל רוזין,2,21,926.0,מרצ,,,
31685,000028513,יואב בן צור,1,21,918.0,,,,
31686,000028513,יואב בן צור,1,21,918.0,,,,
31694,000028513,יואב בן צור,1,21,918.0,"ש""ס",,,
31710,000028513,יואב בן צור,1,21,918.0,"ש""ס",,,
31734,000028513,יואב בן צור,1,21,918.0,"ש""ס",,,
31735,000028513,יואב בן צור,1,21,918.0,"ש""ס",,,
31736,000028513,יואב בן צור,1,21,918.0,"ש""ס",,,
31749,000028513,יואב בן צור,1,21,918.0,"ש""ס",,,
31750,000028513,יואב בן צור,1,21,918.0,"ש""ס",,,
31751,000028513,יואב בן צור,1,21,918.0,"ש""ס",,,
31685,000030055,בצלאל סמוטריץ,1,21,923.0,,,,
31686,000030055,בצלאל סמוטריץ,1,21,923.0,,,,
31734,000030055,בצלאל סמוטריץ`,1,21,923.0,איחוד מפלגות הימין,,,
31736,000030055,בצלאל סמוטריץ`,1,21,923.0,איחוד מפלגות הימין,,,
31685,000030057,יואב קיש,1,21,931.0,,,,
31686,000030057,יואב קיש,1,21,931.0,,,,
31694,000030057,יואב קיש,1,21,931.0,הליכוד,,,
31710,000030057,יואב קיש,1,21,931.0,הליכוד,,,
31734,000030057,יואב קיש,1,21,931.0,הליכוד,,,
31735,000030057,יואב קיש,1,21,931.0,הליכוד,,,
31736,000030057,יואב קיש,1,21,931.0,הליכוד,,,
31685,000030058,מכלוף מיקי זוהר,1,21,931.0,,,,
31686,000030058,מכלוף מיקי זוהר,1,21,931.0,,,,
31694,000030058,זוהר מכלוף מיקי,1,21,931.0,הליכוד,5.0,Unknown,
31710,000030058,מכלוף מיקי זוהר,1,21,931.0,הליכוד,,,
31734,000030058,מכלוף מיקי זוהר,1,21,931.0,הליכוד,,,
31735,000030058,מכלוף מיקי זוהר,1,21,931.0,הליכוד,,,
31736,000030058,מכלוף מיקי זוהר,1,21,931.0,הליכוד,,,
31694,000030066,איימן עודה,1,21,924.0,"חד""ש-תע""ל",,,
31734,000030066,איימן עודה,3,21,924.0,"חד""ש-תע""ל",,,
31735,000030066,איימן עודה,2,21,924.0,"חד""ש-תע""ל",,,
31736,000030066,איימן עודה,3,21,924.0,"חד""ש-תע""ל",,,
31766,000030066,איימן עודה,2,21,924.0,"חד""ש-תע""ל",,,
31694,000030067,עאידה תומא סלימאן,1,21,924.0,"חד""ש-תע""ל",,,
31734,000030067,עאידה תומא סלימאן,3,21,924.0,"חד""ש-תע""ל",,,
31735,000030067,עאידה תומא סלימאן,2,21,924.0,"חד""ש-תע""ל",,,
31736,000030067,עאידה תומא סלימאן,3,21,924.0,"חד""ש-תע""ל",,,
31734,000030068,עבד אל חכים חאג` יחיא,1,21,922.0,"רע""ם-בל""ד",,,
31735,000030068,עבד אל חכים חאג` יחיא,1,21,922.0,"רע""ם-בל""ד",,,
31736,000030068,עבד אל חכים חאג` יחיא,1,21,922.0,"רע""ם-בל""ד",,,
31766,000030068,עבד אל חכים חאג` יחיא,2,21,922.0,"רע""ם-בל""ד",,,
31734,000030069,יוסף ג`בארין,3,21,924.0,"חד""ש-תע""ל",,,
31686,000030070,אוסאמה סעדי,1,21,924.0,,,,
31734,000030070,אוסאמה סעדי,3,21,924.0,"חד""ש-תע""ל",,,
31736,000030070,אוסאמה סעדי,3,21,924.0,"חד""ש-תע""ל",,,
31685,000030077,יואב גלנט,1,21,931.0,,,,
31686,000030077,יואב גלנט,1,21,931.0,,,,
31710,000030077,יואב גלנט,1,21,931.0,הליכוד,,,
31734,000030077,יואב גלנט,1,21,931.0,הליכוד,,,
31735,000030077,יואב גלנט,1,21,931.0,הליכוד,,,
31736,000030077,יואב גלנט,1,21,931.0,הליכוד,,,
31685,000030082,יפעת שאשא ביטון,1,21,930.0,,,,
31686,000030082,יפעת שאשא ביטון,1,21,930.0,,,,
31734,000030082,יפעת שאשא ביטון,1,21,930.0,כולנו,,,
31735,000030082,יפעת שאשא ביטון,1,21,930.0,כולנו,,,
31736,000030082,יפעת שאשא ביטון,1,21,930.0,כולנו,,,
31766,000030082,יפעת שאשא ביטון,1,21,930.0,כולנו,,,
31685,000030083,אלי כהן,1,21,,,,,
31686,000030083,אלי כהן,1,21,,,,,
31710,000030083,אלי כהן,1,21,930.0,כולנו,,,
31734,000030083,אלי כהן,1,21,930.0,כולנו,,,
31735,000030083,אלי כהן,1,21,930.0,כולנו,,,
31736,000030083,אלי כהן,1,21,930.0,כולנו,,,
31766,000030083,אלי כהן,1,21,930.0,כולנו,,,
31685,000030084,רועי פולקמן,1,21,930.0,,,,
31686,000030084,רועי פולקמן,1,21,930.0,,,,
31694,000030084,רועי פולקמן,1,21,930.0,כולנו,,,
31710,000030084,רועי פולקמן,1,21,930.0,כולנו,,,
31734,000030084,רועי פולקמן,1,21,930.0,כולנו,,,
31735,000030084,רועי פולקמן,1,21,930.0,כולנו,,,
31736,000030084,רועי פולקמן,1,21,930.0,כולנו,,,
31766,000030084,רועי פולקמן,1,21,930.0,כולנו,,,
31685,000030216,אבי גבאי,1,21,925.0,,,,
31686,000030216,אבי גבאי,1,21,925.0,,,,
31694,000030216,אבי גבאי,1,21,925.0,העבודה,,,
31710,000030216,אבי גבאי,2,21,925.0,העבודה,,,
31734,000030216,אבי גבאי,2,21,925.0,העבודה,,,
31735,000030216,אבי גבאי,2,21,925.0,העבודה,,,
31736,000030216,אבי גבאי,2,21,925.0,העבודה,,,
31685,000030305,שרן השכל,1,21,931.0,,,,
31686,000030305,שרן השכל,1,21,931.0,,,,
31694,000030305,שרן השכל,1,21,931.0,הליכוד,,,
31710,000030305,שרן השכל,1,21,931.0,הליכוד,,,
31734,000030305,שרן השכל,1,21,931.0,הליכוד,,,
31735,000030305,שרן השכל,1,21,931.0,הליכוד,,,
31736,000030305,שרן השכל,1,21,931.0,הליכוד,,,
31685,000030309,עודד פורר,1,21,929.0,,,,
31686,000030309,עודד פורר,1,21,929.0,,,,
31710,000030309,עודד פורר,1,21,929.0,ישראל ביתנו,,,
31734,000030309,עודד פורר,1,21,929.0,ישראל ביתנו,,,
31735,000030309,עודד פורר,1,21,929.0,ישראל ביתנו,,,
31736,000030309,עודד פורר,1,21,929.0,ישראל ביתנו,,,
31752,000030309,עודד פורר,1,21,929.0,ישראל ביתנו,,,
31753,000030309,עודד פורר,1,21,929.0,ישראל ביתנו,,,
31766,000030309,עודד פורר,1,21,929.0,ישראל ביתנו,,,
31774,000030309,עודד פורר,1,21,929.0,ישראל ביתנו,,,
31685,000030369,אמיר אוחנה,1,21,931.0,,,,
31686,000030369,אמיר אוחנה,1,21,931.0,,,,
31710,000030369,אמיר אוחנה,1,21,931.0,הליכוד,,,
31734,000030369,אמיר אוחנה,1,21,931.0,הליכוד,,,
31735,000030369,אמיר אוחנה,1,21,931.0,הליכוד,,,
31736,000030369,אמיר אוחנה,1,21,931.0,הליכוד,,,
31766,000030369,אוחנה אמיר,1,21,931.0,הליכוד,5.0,Unknown,
31774,000030369,אמיר אוחנה,1,21,931.0,הליכוד,,,
31685,000030573,מיכאל מלכיאלי,1,21,918.0,,,,
31686,000030573,מיכאל מלכיאלי,1,21,918.0,,,,
31694,000030573,מיכאל מלכיאלי,1,21,918.0,"ש""ס",,,
31710,000030573,מיכאל מלכיאלי,1,21,918.0,"ש""ס",,,
31734,000030573,מיכאל מלכיאלי,1,21,918.0,"ש""ס",,,
31735,000030573,מיכאל מלכיאלי,1,21,918.0,"ש""ס",,,
31736,000030573,מיכאל מלכיאלי,1,21,918.0,"ש""ס",,,
31766,000030573,מיכאל מלכיאלי,1,21,918.0,"ש""ס",,,
31774,000030573,מיכאל מלכיאלי,1,21,918.0,"ש""ס",,,
31685,000031851,ינון אזולאי,1,21,918.0,,,,
31686,000031851,ינון אזולאי,1,21,918.0,,,,
31710,000031851,ינון אזולאי,1,21,918.0,"ש""ס",,,
31734,000031851,ינון אזולאי,1,21,918.0,"ש""ס",,,
31735,000031851,ינון אזולאי,1,21,918.0,"ש""ס",,,
31736,000031851,ינון אזולאי,1,21,918.0,"ש""ס",,,
31749,000031851,ינון אזולאי,1,21,918.0,"ש""ס",,,
31750,000031851,ינון אזולאי,1,21,918.0,"ש""ס",,,
31751,000031851,ינון אזולאי,1,21,918.0,"ש""ס",,,
31752,000031851,ינון אזולאי,1,21,918.0,"ש""ס",,,
31753,000031851,ינון אזולאי,1,21,918.0,"ש""ס",,,
31766,000031851,ינון אזולאי,1,21,918.0,"ש""ס",,,
31774,000031851,ינון אזולאי,1,21,918.0,"ש""ס",,,
31685,000031948,אוסנת הילה מארק,1,21,931.0,,,,
31686,000031948,אוסנת הילה מארק,1,21,931.0,,,,
31694,000031948,אוסנת הילה מארק,1,21,931.0,הליכוד,,,
31710,000031948,אוסנת הילה מארק,1,21,931.0,הליכוד,,,
31734,000031948,אוסנת הילה מארק,1,21,931.0,הליכוד,,,
31735,000031948,אוסנת הילה מארק,1,21,931.0,הליכוד,,,
31736,000031948,אוסנת הילה מארק,1,21,931.0,הליכוד,,,
31766,000031948,אוסנת הילה מארק,1,21,931.0,הליכוד,,,
31774,000031948,אוסנת הילה מארק,1,21,931.0,הליכוד,,,
31685,000031997,אלי אבידר,1,21,929.0,,,,
31686,000031997,אלי אבידר,1,21,929.0,,,,
31710,000031997,אלי אבידר,1,21,929.0,ישראל ביתנו,,,
31734,000031997,אלי אבידר,1,21,929.0,ישראל ביתנו,,,
31735,000031997,אלי אבידר,1,21,929.0,ישראל ביתנו,,,
31736,000031997,אלי אבידר,1,21,929.0,ישראל ביתנו,,,
31766,000031997,אלי אבידר,1,21,929.0,ישראל ביתנו,,,
31685,000031998,משה ארבל,1,21,918.0,,,,
31686,000031998,משה ארבל,1,21,918.0,,,,
31734,000031998,משה ארבל,1,21,918.0,"ש""ס",,,
31735,000031998,משה ארבל,1,21,918.0,"ש""ס",,,
31736,000031998,משה ארבל,1,21,918.0,"ש""ס",,,
31751,000031998,משה ארבל,1,21,918.0,"ש""ס",,,
31766,000031998,משה ארבל,1,21,918.0,"ש""ס",,,
31685,000031999,גבי אשכנזי,1,21,917.0,,,,
31686,000031999,גבי אשכנזי,1,21,917.0,,,,
31694,000031999,גבי אשכנזי,1,21,917.0,כחול לבן,,,
31710,000031999,גבי אשכנזי,2,21,917.0,כחול לבן,,,
31734,000031999,גבי אשכנזי,2,21,917.0,כחול לבן,,,
31735,000031999,גבי אשכנזי,2,21,917.0,כחול לבן,,,
31736,000031999,גבי אשכנזי,2,21,917.0,כחול לבן,,,
31773,000031999,גבי אשכנזי,1,21,917.0,כחול לבן,,,
31685,000032000,מיכאל מרדכי ביטון,1,21,917.0,,,,
31686,000032000,מיכאל מרדכי ביטון,1,21,917.0,,,,
31710,000032000,מיכאל מרדכי ביטון,2,21,917.0,כחול לבן,,,
31734,000032000,מיכאל מרדכי ביטון,2,21,917.0,כחול לבן,,,
31735,000032000,מיכאל מרדכי ביטון,2,21,917.0,כחול לבן,,,
31736,000032000,מיכאל מרדכי ביטון,2,21,917.0,כחול לבן,,,
31751,000032000,מיכאל מרדכי ביטון,1,21,917.0,כחול לבן,,,
31766,000032000,מיכאל מרדכי ביטון,1,21,917.0,כחול לבן,,,
31685,000032001,רם בן ברק,1,21,917.0,,,,
31686,000032001,רם בן ברק,1,21,917.0,,,,
31694,000032001,רם בן-ברק,1,21,917.0,כחול לבן,,,
31710,000032001,רם בן-ברק,2,21,917.0,כחול לבן,,,
31734,000032001,רם בן-ברק,2,21,917.0,כחול לבן,,,
31735,000032001,רם בן-ברק,2,21,917.0,כחול לבן,,,
31736,000032001,רם בן-ברק,2,21,917.0,כחול לבן,,,
31766,000032001,רם בן-ברק,1,21,917.0,כחול לבן,,,
31772,000032001,רם בן-ברק,1,21,917.0,כחול לבן,,,
31685,000032002,אורנה ברביבאי,1,21,917.0,,,,
31686,000032002,אורנה ברביבאי,1,21,917.0,,,,
31694,000032002,אורנה ברביבאי,1,21,917.0,כחול לבן,,,
31710,000032002,אורנה ברביבאי,2,21,917.0,כחול לבן,,,
31734,000032002,אורנה ברביבאי,2,21,917.0,כחול לבן,,,
31735,000032002,אורנה ברביבאי,2,21,917.0,כחול לבן,,,
31736,000032002,אורנה ברביבאי,2,21,917.0,כחול לבן,,,
31772,000032002,אורנה ברביבאי,1,21,917.0,כחול לבן,,,
31773,000032002,אורנה ברביבאי,1,21,917.0,כחול לבן,,,
31774,000032002,אורנה ברביבאי,1,21,917.0,כחול לבן,,,
31685,000032003,קרן ברק,1,21,931.0,,,,
31686,000032003,קרן ברק,1,21,931.0,,,,
31694,000032003,קרן ברק,1,21,931.0,הליכוד,,,
31710,000032003,קרן ברק,1,21,931.0,הליכוד,,,
31734,000032003,קרן ברק,1,21,931.0,הליכוד,,,
31735,000032003,קרן ברק,1,21,931.0,הליכוד,,,
31736,000032003,קרן ברק,1,21,931.0,הליכוד,,,
31766,000032003,קרן ברק,1,21,931.0,הליכוד,,,
31773,000032003,קרן ברק,1,21,931.0,הליכוד,,,
31685,000032004,ניר ברקת,1,21,931.0,,,,
31686,000032004,ניר ברקת,1,21,931.0,,,,
31694,000032004,ניר ברקת,1,21,931.0,הליכוד,,,
31710,000032004,ניר ברקת,1,21,931.0,הליכוד,,,
31734,000032004,ניר ברקת,1,21,931.0,הליכוד,,,
31735,000032004,ניר ברקת,1,21,931.0,הליכוד,,,
31736,000032004,ניר ברקת,1,21,931.0,הליכוד,,,
31749,000032004,ניר ברקת,1,21,931.0,הליכוד,,,
31766,000032004,ניר ברקת,1,21,931.0,הליכוד,,,
31774,000032004,ניר ברקת,1,21,931.0,הליכוד,,,
31685,000032005,מאי גולן,1,21,931.0,,,,
31686,000032005,מאי גולן,1,21,931.0,,,,
31710,000032005,מאי גולן,1,21,931.0,הליכוד,,,
31734,000032005,מאי גולן,1,21,931.0,הליכוד,,,
31735,000032005,מאי גולן,1,21,931.0,הליכוד,,,
31736,000032005,מאי גולן,1,21,931.0,הליכוד,,,
31685,000032006,איתן גינזבורג,1,21,917.0,,,,
31686,000032006,איתן גינזבורג,1,21,917.0,,,,
31694,000032006,איתן גינזבורג,1,21,917.0,כחול לבן,,,
31710,000032006,איתן גינזבורג,2,21,917.0,כחול לבן,,,
31734,000032006,איתן גינזבורג,2,21,917.0,כחול לבן,,,
31735,000032006,איתן גינזבורג,2,21,917.0,כחול לבן,,,
31736,000032006,איתן גינזבורג,2,21,917.0,כחול לבן,,,
31750,000032006,איתן גינזבורג,1,21,917.0,כחול לבן,,,
31685,000032007,בני גנץ,1,21,917.0,,,,
31686,000032007,בני גנץ,1,21,917.0,,,,
31694,000032007,בני גנץ,1,21,917.0,כחול לבן,,,
31710,000032007,בני גנץ,2,21,917.0,כחול לבן,,,
31734,000032007,בני גנץ,2,21,917.0,כחול לבן,,,
31735,000032007,בני גנץ,2,21,917.0,כחול לבן,,,
31736,000032007,בני גנץ,2,21,917.0,כחול לבן,,,
31766,000032007,בני גנץ,1,21,917.0,כחול לבן,,,
31773,000032007,בני גנץ,1,21,917.0,כחול לבן,,,
31774,000032007,בני גנץ,1,21,917.0,כחול לבן,,,
31685,000032008,עוזי דיין,1,21,931.0,,,,
31686,000032008,עוזי דיין,1,21,931.0,,,,
31694,000032008,עוזי דיין,1,21,931.0,הליכוד,,,
31710,000032008,עוזי דיין,1,21,931.0,הליכוד,,,
31734,000032008,עוזי דיין,1,21,931.0,הליכוד,,,
31735,000032008,עוזי דיין,1,21,931.0,הליכוד,,,
31736,000032008,עוזי דיין,1,21,931.0,הליכוד,,,
31752,000032008,עוזי דיין,1,21,931.0,הליכוד,,,
31766,000032008,עוזי דיין,1,21,931.0,הליכוד,,,
31774,000032008,עוזי דיין,1,21,931.0,הליכוד,,,
31685,000032009,צבי האוזר,1,21,917.0,,,,
31686,000032009,צבי האוזר,1,21,917.0,,,,
31694,000032009,צבי האוזר,1,21,917.0,כחול לבן,,,
31710,000032009,צבי האוזר,2,21,917.0,כחול לבן,,,
31734,000032009,צבי האוזר,2,21,917.0,כחול לבן,,,
31735,000032009,צבי האוזר,2,21,917.0,כחול לבן,,,
31736,000032009,צבי האוזר,2,21,917.0,כחול לבן,,,
31751,000032009,צבי האוזר,1,21,917.0,כחול לבן,,,
31766,000032009,צבי האוזר,1,21,917.0,כחול לבן,,,
31685,000032011,יועז הנדל,1,21,917.0,,,,
31686,000032011,יועז הנדל,1,21,917.0,,,,
31710,000032011,יועז הנדל,2,21,917.0,כחול לבן,,,
31734,000032011,יועז הנדל,2,21,917.0,כחול לבן,,,
31735,000032011,יועז הנדל,2,21,917.0,כחול לבן,,,
31736,000032011,יועז הנדל,2,21,917.0,כחול לבן,,,
31685,000032012,אסף זמיר,1,21,917.0,,,,
31686,000032012,אסף זמיר,1,21,917.0,,,,
31694,000032012,אסף זמיר,1,21,917.0,כחול לבן,,,
31710,000032012,אסף זמיר,2,21,917.0,כחול לבן,,,
31734,000032012,אסף זמיר,2,21,917.0,כחול לבן,,,
31735,000032012,אסף זמיר,2,21,917.0,כחול לבן,,,
31736,000032012,אסף זמיר,2,21,917.0,כחול לבן,,,
31752,000032012,אסף זמיר,1,21,917.0,כחול לבן,,,
31753,000032012,אסף זמיר,1,21,917.0,כחול לבן,,,
31766,000032012,אסף זמיר,1,21,917.0,כחול לבן,,,
31685,000032013,מיקי חימוביץ,1,21,917.0,,,,
31686,000032013,מיקי חימוביץ,1,21,917.0,,,,
31694,000032013,מיקי חיימוביץ`,1,21,917.0,כחול לבן,,,
31710,000032013,מיקי חיימוביץ`,2,21,917.0,כחול לבן,,,
31734,000032013,מיקי חיימוביץ`,2,21,917.0,כחול לבן,,,
31735,000032013,מיקי חיימוביץ`,2,21,917.0,כחול לבן,,,
31736,000032013,מיקי חיימוביץ`,2,21,917.0,כחול לבן,,,
31749,000032013,מיקי חיימוביץ`,1,21,917.0,כחול לבן,,,
31750,000032013,מיקי חיימוביץ`,1,21,917.0,כחול לבן,,,
31685,000032014,יואל יעקב טסלר,1,21,928.0,,,,
31686,000032014,יואל יעקב טסלר,1,21,928.0,,,,
31694,000032014,יעקב טסלר,1,21,928.0,יהדות התורה,,,
31710,000032014,יעקב טסלר,1,21,928.0,יהדות התורה,,,
31734,000032014,יעקב טסלר,1,21,928.0,יהדות התורה,,,
31735,000032014,יעקב טסלר,1,21,928.0,יהדות התורה,,,
31736,000032014,יעקב טסלר,1,21,928.0,יהדות התורה,,,
31685,000032015,יחיאל משה טרופר,1,21,917.0,,,,
31686,000032015,יחיאל משה טרופר,1,21,917.0,,,,
31694,000032015,חילי טרופר,1,21,917.0,כחול לבן,,,
31710,000032015,חילי טרופר,2,21,917.0,כחול לבן,,,
31734,000032015,חילי טרופר,2,21,917.0,כחול לבן,,,
31735,000032015,חילי טרופר,2,21,917.0,כחול לבן,,,
31736,000032015,חילי טרופר,2,21,917.0,כחול לבן,,,
31772,000032015,חילי טרופר,1,21,917.0,כחול לבן,,,
31774,000032015,חילי טרופר,1,21,917.0,כחול לבן,,,
31685,000032016,דסטה גדי יברקן,1,21,917.0,,,,
31686,000032016,דסטה גדי יברקן,1,21,917.0,,,,
31694,000032016,דסטה יברקן,1,21,917.0,כחול לבן,,,
31710,000032016,דסטה יברקן,2,21,917.0,כחול לבן,,,
31734,000032016,דסטה יברקן,2,21,917.0,כחול לבן,,,
31735,000032016,דסטה יברקן,2,21,917.0,כחול לבן,,,
31736,000032016,דסטה יברקן,2,21,917.0,כחול לבן,,,
31736,000032017,היבה יזבק,1,21,922.0,"רע""ם-בל""ד",,,
31685,000032018,עומר ינקלביץ,1,21,917.0,,,,
31686,000032018,עומר ינקלביץ,1,21,917.0,,,,
31694,000032018,עומר ינקלביץ`,1,21,917.0,כחול לבן,,,
31710,000032018,עומר ינקלביץ`,2,21,917.0,כחול לבן,,,
31734,000032018,עומר ינקלביץ`,2,21,917.0,כחול לבן,,,
31735,000032018,עומר ינקלביץ`,2,21,917.0,כחול לבן,,,
31736,000032018,עומר ינקלביץ`,2,21,917.0,כחול לבן,,,
31749,000032018,עומר ינקלביץ`,1,21,917.0,כחול לבן,,,
31766,000032018,עומר ינקלביץ`,1,21,917.0,כחול לבן,,,
31774,000032018,עומר ינקלביץ`,1,21,917.0,כחול לבן,,,
31685,000032020,מירב כהן,1,21,917.0,,,,
31686,000032020,מירב כהן,1,21,917.0,,,,
31710,000032020,מירב כהן,2,21,917.0,כחול לבן,,,
31735,000032020,מירב כהן,2,21,917.0,כחול לבן,,,
31736,000032020,מירב כהן,2,21,917.0,כחול לבן,,,
31749,000032020,מירב כהן,1,21,917.0,כחול לבן,,,
31750,000032020,מירב כהן,1,21,917.0,כחול לבן,,,
31774,000032020,מירב כהן,1,21,917.0,כחול לבן,,,
31694,000032021,עופר כסיף,1,21,924.0,"חד""ש-תע""ל",,,
31734,000032021,עופר כסיף,3,21,924.0,"חד""ש-תע""ל",,,
31736,000032021,עופר כסיף,3,21,924.0,"חד""ש-תע""ל",,,
31766,000032021,עופר כסיף,2,21,924.0,"חד""ש-תע""ל",,,
31685,000032022,אופיר כץ,1,21,931.0,,,,
31686,000032022,אופיר כץ,1,21,931.0,,,,
31694,000032022,אופיר כץ,1,21,931.0,הליכוד,,,
31710,000032022,אופיר כץ,1,21,931.0,הליכוד,,,
31734,000032022,אופיר כץ,1,21,931.0,הליכוד,,,
31735,000032022,אופיר כץ,1,21,931.0,הליכוד,,,
31736,000032022,אופיר כץ,1,21,931.0,הליכוד,,,
31766,000032022,אופיר כץ,1,21,931.0,הליכוד,,,
31685,000032023,יוראי להב הרצנו,1,21,917.0,,,,
31686,000032023,יוראי להב הרצנו,1,21,917.0,,,,
31694,000032023,יוראי להב הרצנו,1,21,917.0,כחול לבן,,,
31710,000032023,יוראי להב הרצנו,2,21,917.0,כחול לבן,,,
31734,000032023,יוראי להב הרצנו,2,21,917.0,כחול לבן,,,
31735,000032023,יוראי להב הרצנו,2,21,917.0,כחול לבן,,,
31736,000032023,יוראי להב הרצנו,2,21,917.0,כחול לבן,,,
31749,000032023,יוראי להב הרצנו,1,21,917.0,כחול לבן,,,
31751,000032023,יוראי להב הרצנו,1,21,917.0,כחול לבן,,,
31752,000032023,יוראי להב הרצנו,1,21,917.0,כחול לבן,,,
31753,000032023,יוראי להב הרצנו,1,21,917.0,כחול לבן,,,
31772,000032023,יוראי להב הרצנו,1,21,917.0,כחול לבן,,,
31773,000032023,יוראי להב הרצנו,1,21,917.0,כחול לבן,,,
31774,000032023,יוראי להב הרצנו,1,21,917.0,כחול לבן,,,
31685,000032024,פטין מולא,1,21,931.0,,,,
31686,000032024,פטין מולא,1,21,931.0,,,,
31694,000032024,פטין מולא,1,21,931.0,הליכוד,,,
31710,000032024,פטין מולא,1,21,931.0,הליכוד,,,
31734,000032024,פטין מולא,1,21,931.0,הליכוד,,,
31735,000032024,פטין מולא,1,21,931.0,הליכוד,,,
31736,000032024,פטין מולא,1,21,931.0,הליכוד,,,
31766,000032024,פטין מולא,1,21,931.0,הליכוד,,,
31685,000032025,רדיר מריח,1,21,917.0,,,,
31686,000032025,רדיר מריח,1,21,917.0,,,,
31710,000032025,ע`דיר כמאל מריח,2,21,917.0,כחול לבן,,,
31734,000032025,ע`דיר כמאל מריח,2,21,917.0,כחול לבן,,,
31735,000032025,ע`דיר כמאל מריח,2,21,917.0,כחול לבן,,,
31736,000032025,ע`דיר כמאל מריח,2,21,917.0,כחול לבן,,,
31773,000032025,ע`דיר כמאל מריח,1,21,917.0,כחול לבן,,,
31685,000032026,אבי ניסנקורן,1,21,917.0,,,,
31686,000032026,אבי ניסנקורן,1,21,917.0,,,,
31694,000032026,אבי ניסנקורן,1,21,917.0,כחול לבן,,,
31710,000032026,אבי ניסנקורן,2,21,917.0,כחול לבן,,,
31734,000032026,אבי ניסנקורן,2,21,917.0,כחול לבן,,,
31735,000032026,אבי ניסנקורן,2,21,917.0,כחול לבן,,,
31736,000032026,אבי ניסנקורן,2,21,917.0,כחול לבן,,,
31749,000032026,אבי ניסנקורן,1,21,917.0,כחול לבן,,,
31766,000032026,אבי ניסנקורן,1,21,917.0,כחול לבן,,,
31685,000032027,יואב סגלוביץ,1,21,917.0,,,,
31686,000032027,יואב סגלוביץ,1,21,917.0,,,,
31694,000032027,יואב סגלוביץ,1,21,917.0,כחול לבן,,,
31710,000032027,יואב סגלוביץ,2,21,917.0,כחול לבן,,,
31734,000032027,יואב סגלוביץ,2,21,917.0,כחול לבן,,,
31735,000032027,יואב סגלוביץ,2,21,917.0,כחול לבן,,,
31736,000032027,יואב סגלוביץ,2,21,917.0,כחול לבן,,,
31752,000032027,יואב סגלוביץ,1,21,917.0,כחול לבן,,,
31753,000032027,יואב סגלוביץ,1,21,917.0,כחול לבן,,,
31772,000032027,יואב סגלוביץ,1,21,917.0,כחול לבן,,,
31774,000032027,יואב סגלוביץ,1,21,917.0,כחול לבן,,,
31685,000032028,יבגני סובה,1,21,929.0,,,,
31686,000032028,יבגני סובה,1,21,929.0,,,,
31694,000032028,יבגני סובה,1,21,929.0,ישראל ביתנו,,,
31710,000032028,יבגני סובה,1,21,929.0,ישראל ביתנו,,,
31734,000032028,יבגני סובה,1,21,929.0,ישראל ביתנו,,,
31735,000032028,יבגני סובה,1,21,929.0,ישראל ביתנו,,,
31736,000032028,יבגני סובה,1,21,929.0,ישראל ביתנו,,,
31766,000032028,יבגני סובה,1,21,929.0,ישראל ביתנו,,,
31685,000032029,אופיר סופר,1,21,923.0,,,,
31686,000032029,אופיר סופר,1,21,923.0,,,,
31710,000032029,אופיר סופר,1,21,923.0,איחוד מפלגות הימין,,,
31734,000032029,אופיר סופר,1,21,923.0,איחוד מפלגות הימין,,,
31735,000032029,אופיר סופר,1,21,923.0,איחוד מפלגות הימין,,,
31736,000032029,אופיר סופר,1,21,923.0,איחוד מפלגות הימין,,,
31766,000032029,אופיר סופר,1,21,923.0,איחוד מפלגות הימין,,,
31685,000032030,עידית סילמן,1,21,923.0,,,,
31686,000032030,עידית סילמן,1,21,923.0,,,,
31710,000032030,עידית סילמן,1,21,923.0,איחוד מפלגות הימין,,,
31734,000032030,עידית סילמן,1,21,923.0,איחוד מפלגות הימין,,,
31735,000032030,עידית סילמן,1,21,923.0,איחוד מפלגות הימין,,,
31736,000032030,עידית סילמן,1,21,923.0,איחוד מפלגות הימין,,,
31766,000032030,עידית סילמן,1,21,923.0,איחוד מפלגות הימין,,,
31694,000032031,מנסור עבאס,1,21,922.0,"רע""ם-בל""ד",,,
31734,000032031,מנסור עבאס,1,21,922.0,"רע""ם-בל""ד",,,
31735,000032031,מנסור עבאס,1,21,922.0,"רע""ם-בל""ד",,,
31736,000032031,מנסור עבאס,1,21,922.0,"רע""ם-בל""ד",,,
31766,000032031,מנסור עבאס,2,21,922.0,"רע""ם-בל""ד",,,
31685,000032032,חוה אתי עטייה,1,21,931.0,,,,
31686,000032032,חוה אתי עטייה,1,21,931.0,,,,
31734,000032032,חוה (אתי) עטייה,1,21,931.0,הליכוד,,,
31735,000032032,חוה (אתי) עטייה,1,21,931.0,הליכוד,,,
31736,000032032,חוה (אתי) עטייה,1,21,931.0,הליכוד,,,
31766,000032032,חוה (אתי) עטייה,1,21,931.0,הליכוד,,,
31685,000032033,יצחק זאב פינדרוס,1,21,928.0,,,,
31686,000032033,יצחק זאב פינדרוס,1,21,928.0,,,,
31694,000032033,יצחק פינדרוס,1,21,928.0,יהדות התורה,,,
31710,000032033,יצחק פינדרוס,1,21,928.0,יהדות התורה,,,
31734,000032033,יצחק פינדרוס,1,21,928.0,יהדות התורה,,,
31735,000032033,יצחק פינדרוס,1,21,928.0,יהדות התורה,,,
31736,000032033,יצחק פינדרוס,1,21,928.0,יהדות התורה,,,
31766,000032033,יצחק פינדרוס,1,21,928.0,יהדות התורה,,,
31774,000032033,יצחק פינדרוס,1,21,928.0,יהדות התורה,,,
31685,000032034,אורלי פרומן,1,21,917.0,,,,
31686,000032034,אורלי פרומן,1,21,917.0,,,,
31710,000032034,אורלי פרומן,2,21,917.0,כחול לבן,,,
31734,000032034,אורלי פרומן,2,21,917.0,כחול לבן,,,
31735,000032034,אורלי פרומן,2,21,917.0,כחול לבן,,,
31736,000032034,אורלי פרומן,2,21,917.0,כחול לבן,,,
31752,000032034,אורלי פרומן,1,21,917.0,כחול לבן,,,
31753,000032034,אורלי פרומן,1,21,917.0,כחול לבן,,,
31685,000032035,רפאל פרץ,1,21,923.0,,,,
31686,000032035,רפאל פרץ,1,21,923.0,,,,
31694,000032035,רפאל פרץ,1,21,923.0,איחוד מפלגות הימין,,,
31710,000032035,רפאל פרץ,1,21,923.0,איחוד מפלגות הימין,,,
31734,000032035,רפאל פרץ,1,21,923.0,איחוד מפלגות הימין,,,
31735,000032035,רפאל פרץ,1,21,923.0,איחוד מפלגות הימין,,,
31736,000032035,רפאל פרץ,1,21,923.0,איחוד מפלגות הימין,,,
31685,000032036,אורית פרקש-הכהן,1,21,917.0,,,,
31686,000032036,אורית פרקש-הכהן,1,21,917.0,,,,
31694,000032036,אורית פרקש-הכהן,1,21,917.0,כחול לבן,,,
31710,000032036,אורית פרקש-הכהן,2,21,917.0,כחול לבן,,,
31734,000032036,אורית פרקש-הכהן,2,21,917.0,כחול לבן,,,
31735,000032036,אורית פרקש-הכהן,2,21,917.0,כחול לבן,,,
31736,000032036,אורית פרקש-הכהן,2,21,917.0,כחול לבן,,,
31685,000032037,אריאל קלנר,1,21,931.0,,,,
31686,000032037,אריאל קלנר,1,21,931.0,,,,
31694,000032037,אריאל קלנר,1,21,931.0,הליכוד,,,
31710,000032037,אריאל קלנר,1,21,931.0,הליכוד,,,
31734,000032037,אריאל קלנר,1,21,931.0,הליכוד,,,
31735,000032037,אריאל קלנר,1,21,931.0,הליכוד,,,
31736,000032037,אריאל קלנר,1,21,931.0,הליכוד,,,
31766,000032037,אריאל קלנר,1,21,931.0,הליכוד,,,
31772,000032037,אריאל קלנר,1,21,931.0,הליכוד,,,
31774,000032037,אריאל קלנר,1,21,931.0,הליכוד,,,
31685,000032038,שלמה קרעי,1,21,931.0,,,,
31686,000032038,שלמה קרעי,1,21,931.0,,,,
31710,000032038,שלמה קרעי,1,21,931.0,הליכוד,,,
31734,000032038,שלמה קרעי,1,21,931.0,הליכוד,,,
31735,000032038,שלמה קרעי,1,21,931.0,הליכוד,,,
31736,000032038,שלמה קרעי,1,21,931.0,הליכוד,,,
31766,000032038,שלמה קרעי,1,21,931.0,הליכוד,,,
31772,000032038,שלמה קרעי,1,21,931.0,הליכוד,,,
31773,000032038,שלמה קרעי,1,21,931.0,הליכוד,,,
31774,000032038,שלמה קרעי,1,21,931.0,הליכוד,,,
31685,000032039,עדן רול,1,21,917.0,,,,
31686,000032039,עדן רול,1,21,917.0,,,,
31694,000032039,עדן רול,1,21,917.0,כחול לבן,,,
31710,000032039,עידן רול,2,21,917.0,כחול לבן,,,
31734,000032039,עידן רול,2,21,917.0,כחול לבן,,,
31735,000032039,עידן רול,2,21,917.0,כחול לבן,,,
31736,000032039,עידן רול,2,21,917.0,כחול לבן,,,
31772,000032039,עידן רול,1,21,917.0,כחול לבן,,,
31773,000032039,עידן רול,1,21,917.0,כחול לבן,,,
31685,000032040,טל רוסו,1,21,925.0,,,,
31686,000032040,טל רוסו,1,21,925.0,,,,
31694,000032040,טל רוסו,1,21,925.0,העבודה,,,
31710,000032040,טל רוסו,2,21,925.0,העבודה,,,
31734,000032040,טל רוסו,2,21,925.0,העבודה,,,
31735,000032040,טל רוסו,2,21,925.0,העבודה,,,
31736,000032040,טל רוסו,2,21,925.0,העבודה,,,
31772,000032040,טל רוסו,1,21,925.0,העבודה,,,
31685,000032041,אלון נתן שוסטר,1,21,917.0,,,,
31686,000032041,אלון נתן שוסטר,1,21,917.0,,,,
31710,000032041,אלון נתן שוסטר,2,21,917.0,כחול לבן,,,
31734,000032041,אלון נתן שוסטר,2,21,917.0,כחול לבן,,,
31735,000032041,אלון נתן שוסטר,2,21,917.0,כחול לבן,,,
31736,000032041,אלון נתן שוסטר,2,21,917.0,כחול לבן,,,
31752,000032041,אלון נתן שוסטר,1,21,917.0,כחול לבן,,,
31753,000032041,אלון נתן שוסטר,1,21,917.0,כחול לבן,,,
31766,000032041,אלון נתן שוסטר,1,21,917.0,כחול לבן,,,
31772,000032041,אלון נתן שוסטר,1,21,917.0,כחול לבן,,,
31735,000032042,אנטאנס שחאדה,1,21,922.0,"רע""ם-בל""ד",,,
31736,000032042,אנטאנס שחאדה,1,21,922.0,"רע""ם-בל""ד",,,
31766,000032042,אנטאנס שחאדה,2,21,922.0,"רע""ם-בל""ד",,,
31685,000032043,קטי קטרין שטרית,1,21,931.0,,,,
31686,000032043,קטי קטרין שטרית,1,21,931.0,,,,
31694,000032043,קטי (קטרין) שטרית,1,21,931.0,הליכוד,,,
31710,000032043,קטי (קטרין) שטרית,1,21,931.0,הליכוד,,,
31734,000032043,קטי (קטרין) שטרית,1,21,931.0,הליכוד,,,
31735,000032043,קטי (קטרין) שטרית,1,21,931.0,הליכוד,,,
31736,000032043,קטי (קטרין) שטרית,1,21,931.0,הליכוד,,,
31751,000032043,קטי (קטרין) שטרית,1,21,931.0,הליכוד,,,
31766,000032043,קטי (קטרין) שטרית,1,21,931.0,הליכוד,,,
31685,000032044,יזהר ניצן שי,1,21,917.0,,,,
31686,000032044,יזהר ניצן שי,1,21,917.0,,,,
31694,000032044,יזהר שי,1,21,917.0,כחול לבן,,,
31710,000032044,יזהר שי,2,21,917.0,כחול לבן,,,
31734,000032044,יזהר שי,2,21,917.0,כחול לבן,,,
31735,000032044,יזהר שי,2,21,917.0,כחול לבן,,,
31736,000032044,יזהר שי,2,21,917.0,כחול לבן,,,
31766,000032044,יזהר שי,1,21,917.0,כחול לבן,,,
31772,000032044,יזהר שי,1,21,917.0,כחול לבן,,,
31773,000032044,יזהר שי,1,21,917.0,כחול לבן,,,
31685,000032045,מיכל שיר סגמן,1,21,931.0,,,,
31686,000032045,מיכל שיר סגמן,1,21,931.0,,,,
31710,000032045,מיכל שיר,1,21,931.0,הליכוד,,,
31734,000032045,מיכל שיר,1,21,931.0,הליכוד,,,
31735,000032045,מיכל שיר,1,21,931.0,הליכוד,,,
31736,000032045,מיכל שיר,1,21,931.0,הליכוד,,,
31766,000032045,מיכל שיר,1,21,931.0,הליכוד,,,
31686,000032046,רם שפע,1,21,917.0,,,,
31694,000032046,רם שפע,1,21,917.0,כחול לבן,,,
31710,000032046,רם שפע,2,21,917.0,כחול לבן,,,
31734,000032046,רם שפע,2,21,917.0,כחול לבן,,,
31735,000032046,רם שפע,2,21,917.0,כחול לבן,,,
31736,000032046,רם שפע,2,21,917.0,כחול לבן,,,
31772,000032046,רם שפע,1,21,917.0,כחול לבן,,,
31774,000032046,רם שפע,1,21,917.0,כחול לבן,,,
