vote_id,kmmbr_id,kmmbr_name,vote_result,knesset_num,faction_id,faction_name,reason,modifier,remark,is_coalition
31685,427,אביגדור ליברמן,1,21,929.0,,,,,-1
31686,427,אביגדור ליברמן,1,21,929.0,,,,,-1
31735,427,אביגדור ליברמן,1,21,929.0,ישראל ביתנו,,,,-1
31736,427,אביגדור ליברמן,1,21,929.0,ישראל ביתנו,,,,-1
31710,467,צחי הנגבי,1,21,931.0,הליכוד,,,,-1
31734,467,צחי הנגבי,1,21,931.0,הליכוד,,,,-1
31735,467,צחי הנגבי,1,21,931.0,הליכוד,,,,-1
31736,467,צחי הנגבי,1,21,931.0,הליכוד,,,,-1
31766,467,צחי הנגבי,1,21,931.0,הליכוד,,,,-1
31685,468,ישראל כץ,1,21,931.0,,,,,-1
31686,468,ישראל כץ,1,21,931.0,,,,,-1
31734,468,ישראל כץ,1,21,931.0,הליכוד,,,,-1
31735,468,ישראל כץ,1,21,931.0,הליכוד,,,,-1
31736,468,ישראל כץ,1,21,931.0,הליכוד,,,,-1
31685,477,יובל שטייניץ,1,21,931.0,,,,,-1
31686,477,יובל שטייניץ,1,21,931.0,,,,,-1
31734,477,יובל שטייניץ,1,21,931.0,הליכוד,,,,-1
31735,477,יובל שטייניץ,1,21,931.0,הליכוד,,,,-1
31736,477,יובל שטייניץ,1,21,931.0,הליכוד,,,,-1
31749,477,יובל שטייניץ,1,21,931.0,הליכוד,,,,-1
31750,477,יובל שטייניץ,1,21,931.0,הליכוד,,,,-1
31685,498,משולם נהרי,1,21,918.0,,,,,-1
31686,498,משולם נהרי,1,21,918.0,,,,,-1
31710,498,משולם נהרי,1,21,918.0,"ש""ס",,,,-1
31734,498,משולם נהרי,1,21,918.0,"ש""ס",,,,-1
31735,498,משולם נהרי,1,21,918.0,"ש""ס",,,,-1
31736,498,משולם נהרי,1,21,918.0,"ש""ס",,,,-1
31766,498,משולם נהרי,1,21,918.0,"ש""ס",,,,-1
31774,498,משולם נהרי,1,21,918.0,"ש""ס",,,,-1
31685,503,אילן גילאון,3,21,926.0,,,,,-1
31686,503,אילן גילאון,1,21,926.0,,,,,-1
31734,503,אילן גילאון,2,21,926.0,מרצ,,,,-1
31735,503,אילן גילאון,2,21,926.0,מרצ,,,,-1
31736,503,אילן גילאון,2,21,926.0,מרצ,,,,-1
31685,526,משה גפני,1,21,928.0,,,,,-1
31686,526,משה גפני,1,21,928.0,,,,,-1
31694,526,משה גפני,1,21,928.0,יהדות התורה,,,,-1
31734,526,משה גפני,1,21,928.0,יהדות התורה,,,,-1
31735,526,משה גפני,1,21,928.0,יהדות התורה,,,,-1
31751,526,משה גפני,1,21,928.0,יהדות התורה,,,,-1
31752,526,משה גפני,1,21,928.0,יהדות התורה,,,,-1
31753,526,משה גפני,1,21,928.0,יהדות התורה,,,,-1
31766,526,משה גפני,1,21,928.0,יהדות התורה,,,,-1
31685,528,יעקב ליצמן,1,21,928.0,,,,,-1
31686,528,יעקב ליצמן,1,21,928.0,,,,,-1
31734,528,יעקב ליצמן,1,21,928.0,יהדות התורה,,,,-1
31735,528,יעקב ליצמן,1,21,928.0,יהדות התורה,,,,-1
31736,528,יעקב ליצמן,1,21,928.0,יהדות התורה,,,,-1
31685,532,יולי יואל אדלשטיין,1,21,931.0,,,,,-1
31686,532,יולי יואל אדלשטיין,1,21,931.0,,,,,-1
31694,532,יולי יואל אדלשטיין,1,21,931.0,הליכוד,,,,-1
31710,532,יולי יואל אדלשטיין,1,21,931.0,הליכוד,,,,-1
31734,532,יולי יואל אדלשטיין,1,21,931.0,הליכוד,,,,-1
31735,532,יולי יואל אדלשטיין,1,21,931.0,הליכוד,,,,-1
31736,532,יולי יואל אדלשטיין,1,21,931.0,הליכוד,,,,-1
31752,532,יולי יואל אדלשטיין,1,21,931.0,הליכוד,,,,-1
31753,532,יולי יואל אדלשטיין,1,21,931.0,הליכוד,,,,-1
31766,532,יולי יואל אדלשטיין,1,21,931.0,הליכוד,,,,-1
31772,532,יולי יואל אדלשטיין,1,21,931.0,הליכוד,,,,-1
31685,556,חיים כץ,1,21,931.0,,,,,-1
31686,556,חיים כץ,1,21,931.0,,,,,-1
31734,556,חיים כץ,1,21,931.0,הליכוד,,,,-1
31736,556,חיים כץ,1,21,931.0,הליכוד,,,,-1
31685,557,עמיר פרץ,1,21,925.0,,,,,-1
31686,557,עמיר פרץ,1,21,925.0,,,,,-1
31734,557,עמיר פרץ,2,21,925.0,העבודה,,,,-1
31735,557,עמיר פרץ,2,21,925.0,העבודה,,,,-1
31694,560,אחמד טיבי,1,21,924.0,"חד""ש-תע""ל",,,,-1
31734,560,אחמד טיבי,3,21,924.0,"חד""ש-תע""ל",,,,-1
31736,560,אחמד טיבי,3,21,924.0,"חד""ש-תע""ל",,,,-1
31766,560,אחמד טיבי,2,21,924.0,"חד""ש-תע""ל",,,,-1
31685,563,מאיר פרוש,1,21,928.0,,,,,-1
31686,563,מאיר פרוש,1,21,928.0,,,,,-1
31710,563,מאיר פרוש,1,21,928.0,יהדות התורה,,,,-1
31734,563,מאיר פרוש,1,21,928.0,יהדות התורה,,,,-1
31735,563,מאיר פרוש,1,21,928.0,יהדות התורה,,,,-1
31736,563,מאיר פרוש,1,21,928.0,יהדות התורה,,,,-1
31774,563,מאיר פרוש,1,21,928.0,יהדות התורה,,,,-1
31685,580,יצחק כהן,1,21,918.0,,,,,-1
31686,580,יצחק כהן,1,21,918.0,,,,,-1
31734,580,יצחק כהן,1,21,918.0,"ש""ס",,,,-1
31735,580,יצחק כהן,1,21,918.0,"ש""ס",,,,-1
31736,580,יצחק כהן,1,21,918.0,"ש""ס",,,,-1
31766,580,יצחק כהן,1,21,918.0,"ש""ס",,,,-1
31685,965,בנימין נתניהו,1,21,931.0,,,,,-1
31686,965,בנימין נתניהו,1,21,931.0,,,,,-1
31685,1025,גילה גמליאל,1,21,931.0,,,,,-1
31686,1025,גילה גמליאל,1,21,931.0,,,,,-1
31710,1025,גילה גמליאל,1,21,931.0,הליכוד,,,,-1
31734,1025,גילה גמליאל,1,21,931.0,הליכוד,,,,-1
31735,1025,גילה גמליאל,1,21,931.0,הליכוד,,,,-1
31736,1025,גילה גמליאל,1,21,931.0,הליכוד,,,,-1
31685,1027,גדעון סער,1,21,931.0,,,,,-1
31686,1027,גדעון סער,1,21,931.0,,,,,-1
31694,1027,גדעון סער,1,21,931.0,הליכוד,,,,-1
31734,1027,גדעון סער,1,21,931.0,הליכוד,,,,-1
31736,1027,גדעון סער,1,21,931.0,הליכוד,,,,-1
31766,1027,גדעון סער,1,21,931.0,הליכוד,,,,-1
31774,1027,גדעון סער,1,21,931.0,הליכוד,,,,-1
31685,1034,משה כחלון,1,21,930.0,,,,,-1
31686,1034,משה כחלון,1,21,930.0,,,,,-1
31734,1034,משה כחלון,1,21,930.0,כולנו,,,,-1
31735,1034,משה כחלון,1,21,930.0,כולנו,,,,-1
31736,1034,משה כחלון,1,21,930.0,כולנו,,,,-1
31766,1034,משה כחלון,1,21,930.0,כולנו,,,,-1
31774,1034,משה כחלון,1,21,930.0,כולנו,,,,-1
31685,1037,גלעד ארדן,1,21,931.0,,,,,-1
31686,1037,גלעד ארדן,1,21,931.0,,,,,-1
31734,1037,גלעד ארדן,1,21,931.0,הליכוד,,,,-1
31735,1037,גלעד ארדן,1,21,931.0,הליכוד,,,,-1
31736,1037,גלעד ארדן,1,21,931.0,הליכוד,,,,-1
31685,1056,יעקב מרגי,1,21,918.0,,,,,-1
31686,1056,יעקב מרגי,1,21,918.0,,,,,-1
31694,1056,יעקב מרגי,1,21,918.0,"ש""ס",,,,-1
31710,1056,יעקב מרגי,1,21,918.0,"ש""ס",,,,-1
31734,1056,יעקב מרגי,1,21,918.0,"ש""ס",,,,-1
31735,1056,יעקב מרגי,1,21,918.0,"ש""ס",,,,-1
31736,1056,יעקב מרגי,1,21,918.0,"ש""ס",,,,-1
31751,1056,יעקב מרגי,1,21,918.0,"ש""ס",,,,-1
31766,1056,יעקב מרגי,1,21,918.0,"ש""ס",,,,-1
31774,1056,יעקב מרגי,1,21,918.0,"ש""ס",,,,-1
31685,1057,ישראל אייכלר,1,21,928.0,,,,,-1
31686,1057,ישראל אייכלר,1,21,928.0,,,,,-1
31694,1057,ישראל אייכלר,1,21,928.0,יהדות התורה,,,,-1
31710,1057,ישראל אייכלר,1,21,928.0,יהדות התורה,,,,-1
31734,1057,ישראל אייכלר,1,21,928.0,יהדות התורה,,,,-1
31735,1057,ישראל אייכלר,1,21,928.0,יהדות התורה,,,,-1
31736,1057,ישראל אייכלר,1,21,928.0,יהדות התורה,,,,-1
31749,1057,ישראל אייכלר,1,21,928.0,יהדות התורה,,,,-1
31750,1057,ישראל אייכלר,1,21,928.0,יהדות התורה,,,,-1
31751,1057,ישראל אייכלר,1,21,928.0,יהדות התורה,,,,-1
31766,1057,ישראל אייכלר,1,21,928.0,יהדות התורה,,,,-1
31685,2291,אריה מכלוף דרעי,1,21,918.0,,,,,-1
31686,2291,אריה מכלוף דרעי,1,21,918.0,,,,,-1
31734,2291,אריה מכלוף דרעי,1,21,918.0,"ש""ס",,,,-1
31735,2291,אריה מכלוף דרעי,1,21,918.0,"ש""ס",,,,-1
31685,4395,אבי דיכטר,1,21,931.0,,,,,-1
31686,4395,אבי דיכטר,1,21,931.0,,,,,-1
31694,4395,אבי דיכטר,1,21,931.0,הליכוד,,,,-1
31734,4395,אבי דיכטר,1,21,931.0,הליכוד,,,,-1
31735,4395,אבי דיכטר,1,21,931.0,הליכוד,,,,-1
31736,4395,אבי דיכטר,1,21,931.0,הליכוד,,,,-1
31766,4395,אבי דיכטר,1,21,931.0,הליכוד,,,,-1
31774,4395,אבי דיכטר,1,21,931.0,הליכוד,,,,-1
31685,4397,זאב אלקין,1,21,931.0,,,,,-1
31686,4397,זאב אלקין,1,21,931.0,,,,,-1
31710,4397,זאב אלקין,1,21,931.0,הליכוד,,,,-1
31734,4397,זאב אלקין,1,21,931.0,הליכוד,,,,-1
31735,4397,זאב אלקין,1,21,931.0,הליכוד,,,,-1
31736,4397,זאב אלקין,1,21,931.0,הליכוד,,,,-1
31766,4397,זאב אלקין,1,21,931.0,הליכוד,,,,-1
31774,4397,זאב אלקין,1,21,931.0,הליכוד,,,,-1
31734,4405,שלי יחימוביץ,2,21,925.0,העבודה,,,,-1
31735,4405,שלי יחימוביץ,2,21,925.0,העבודה,,,,-1
31736,4405,שלי יחימוביץ,2,21,925.0,העבודה,,,,-1
31773,4405,שלי יחימוביץ,1,21,925.0,העבודה,,,,-1
31685,11835,אורי מקלב,1,21,928.0,,,,,-1
31686,11835,אורי מקלב,1,21,928.0,,,,,-1
31694,11835,אורי מקלב,1,21,928.0,יהדות התורה,,,,-1
31710,11835,אורי מקלב,1,21,928.0,יהדות התורה,,,,-1
31734,11835,אורי מקלב,1,21,928.0,יהדות התורה,,,,-1
31735,11835,אורי מקלב,1,21,928.0,יהדות התורה,,,,-1
31736,11835,אורי מקלב,1,21,928.0,יהדות התורה,,,,-1
31766,11835,אורי מקלב,1,21,928.0,יהדות התורה,,,,-1
31685,12937,אופיר אקוניס,1,21,931.0,,,,,-1
31686,12937,אופיר אקוניס,1,21,931.0,,,,,-1
31710,12937,אופיר אקוניס,1,21,931.0,הליכוד,,,,-1
31734,12937,אופיר אקוניס,1,21,931.0,הליכוד,,,,-1
31735,12937,אופיר אקוניס,1,21,931.0,הליכוד,,,,-1
31736,12937,אופיר אקוניס,1,21,931.0,הליכוד,,,,-1
31685,12948,ציפי חוטובלי,1,21,931.0,,,,,-1
31686,12948,ציפי חוטובלי,1,21,931.0,,,,,-1
31710,12948,ציפי חוטובלי,1,21,931.0,הליכוד,,,,-1
31734,12948,ציפי חוטובלי,1,21,931.0,הליכוד,,,,-1
31735,12948,ציפי חוטובלי,1,21,931.0,הליכוד,,,,-1
31736,12948,ציפי חוטובלי,1,21,931.0,הליכוד,,,,-1
31774,12948,ציפי חוטובלי,1,21,931.0,הליכוד,,,,-1
31685,12951,יריב לוין,1,21,931.0,,,,,-1
31686,12951,יריב לוין,1,21,931.0,,,,,-1
31710,12951,יריב לוין,1,21,931.0,הליכוד,,,,-1
31734,12951,יריב לוין,1,21,931.0,הליכוד,,,,-1
31735,12951,יריב לוין,1,21,931.0,הליכוד,,,,-1
31736,12951,יריב לוין,1,21,931.0,הליכוד,,,,-1
31766,12951,יריב לוין,1,21,931.0,הליכוד,,,,-1
31774,12951,יריב לוין,1,21,931.0,הליכוד,,,,-1
31685,12959,מירי רגב,1,21,931.0,,,,,-1
31686,12959,מירי רגב,1,21,931.0,,,,,-1
31710,12959,מירי רגב,1,21,931.0,הליכוד,,,,-1
31734,12959,מירי רגב,1,21,931.0,הליכוד,,,,-1
31735,12959,מירי רגב,1,21,931.0,הליכוד,,,,-1
31736,12959,מירי רגב,1,21,931.0,הליכוד,,,,-1
31685,12963,משה יעלון,1,21,917.0,,,,,-1
31686,12963,משה יעלון,1,21,917.0,,,,,-1
31694,12963,משה יעלון,1,21,917.0,כחול לבן,,,,-1
31710,12963,משה יעלון,2,21,917.0,כחול לבן,,,,-1
31734,12963,משה יעלון,2,21,917.0,כחול לבן,,,,-1
31735,12963,משה יעלון,2,21,917.0,כחול לבן,,,,-1
31736,12963,משה יעלון,2,21,917.0,כחול לבן,,,,-1
31774,12963,משה יעלון,1,21,917.0,כחול לבן,,,,-1
31685,23531,אלי בן-דהן,1,21,931.0,,,,,-1
31686,23531,אלי בן-דהן,1,21,931.0,,,,,-1
31710,23531,אלי בן-דהן,1,21,931.0,הליכוד,,,,-1
31734,23531,אלי בן-דהן,1,21,931.0,הליכוד,,,,-1
31735,23531,אלי בן-דהן,1,21,931.0,הליכוד,,,,-1
31736,23531,אלי בן-דהן,1,21,931.0,הליכוד,,,,-1
31772,23531,אלי בן-דהן,1,21,931.0,הליכוד,,,,-1
31774,23531,אלי בן-דהן,1,21,931.0,הליכוד,,,,-1
31685,23534,מרדכי יוגב,1,21,923.0,,,,,-1
31686,23534,מרדכי יוגב,1,21,923.0,,,,,-1
31694,23534,מרדכי יוגב,1,21,923.0,איחוד מפלגות הימין,,,,-1
31710,23534,מרדכי יוגב,1,21,923.0,איחוד מפלגות הימין,,,,-1
31734,23534,מרדכי יוגב,1,21,923.0,איחוד מפלגות הימין,,,,-1
31735,23534,מרדכי יוגב,1,21,923.0,איחוד מפלגות הימין,,,,-1
31736,23534,מרדכי יוגב,1,21,923.0,איחוד מפלגות הימין,,,,-1
31685,23558,דוד ביטן,1,21,931.0,,,,,-1
31686,23558,דוד ביטן,1,21,931.0,,,,,-1
31694,23558,דוד ביטן,1,21,931.0,הליכוד,,,,-1
31710,23558,דוד ביטן,1,21,931.0,הליכוד,,,,-1
31734,23558,דוד ביטן,1,21,931.0,הליכוד,,,,-1
31735,23558,דוד ביטן,1,21,931.0,הליכוד,,,,-1
31736,23558,דוד ביטן,1,21,931.0,הליכוד,,,,-1
31751,23558,דוד ביטן,1,21,931.0,הליכוד,,,,-1
31752,23558,דוד ביטן,1,21,931.0,הליכוד,,,,-1
31753,23558,דוד ביטן,1,21,931.0,הליכוד,,,,-1
31766,23558,דוד ביטן,1,21,931.0,הליכוד,,,,-1
31685,23560,יוליה מלינובסקי,1,21,929.0,,,,,-1
31686,23560,יוליה מלינובסקי,1,21,929.0,,,,,-1
31710,23560,יוליה מלינובסקי,1,21,929.0,ישראל ביתנו,,,,-1
31734,23560,יוליה מלינובסקי,1,21,929.0,ישראל ביתנו,,,,-1
31735,23560,יוליה מלינובסקי,1,21,929.0,ישראל ביתנו,,,,-1
31736,23560,יוליה מלינובסקי,1,21,929.0,ישראל ביתנו,,,,-1
31685,23564,דוד אמסלם,1,21,931.0,,,,,-1
31686,23564,דוד אמסלם,1,21,931.0,,,,,-1
31710,23564,דוד אמסלם,1,21,931.0,הליכוד,,,,-1
31734,23564,דוד אמסלם,1,21,931.0,הליכוד,,,,-1
31735,23564,דוד אמסלם,1,21,931.0,הליכוד,,,,-1
31736,23564,דוד אמסלם,1,21,931.0,הליכוד,,,,-1
31766,23564,דוד אמסלם,1,21,931.0,הליכוד,,,,-1
31685,23566,סתיו שפיר,1,21,925.0,,,,,-1
31710,23566,סתיו שפיר,2,21,925.0,העבודה,,,,-1
31734,23566,סתיו שפיר,2,21,925.0,העבודה,,,,-1
31735,23566,סתיו שפיר,2,21,925.0,העבודה,,,,-1
31736,23566,סתיו שפיר,2,21,925.0,העבודה,,,,-1
31685,23568,איציק שמולי,1,21,925.0,,,,,-1
31686,23568,איציק שמולי,1,21,925.0,,,,,-1
31734,23568,איציק שמולי,2,21,925.0,העבודה,,,,-1
31735,23568,איציק שמולי,2,21,925.0,העבודה,,,,-1
31736,23568,איציק שמולי,2,21,925.0,העבודה,,,,-1
31685,23591,אלעזר שטרן,1,21,917.0,,,,,-1
31686,23591,אלעזר שטרן,1,21,917.0,,,,,-1
31694,23591,אלעזר שטרן,1,21,917.0,כחול לבן,,,,-1
31710,23591,אלעזר שטרן,2,21,917.0,כחול לבן,,,,-1
31734,23591,אלעזר שטרן,2,21,917.0,כחול לבן,,,,-1
31735,23591,אלעזר שטרן,2,21,917.0,כחול לבן,,,,-1
31736,23591,אלעזר שטרן,2,21,917.0,כחול לבן,,,,-1
31752,23591,אלעזר שטרן,1,21,917.0,כחול לבן,,,,-1
31753,23591,אלעזר שטרן,1,21,917.0,כחול לבן,,,,-1
31685,23594,יאיר לפיד,1,21,917.0,,,,,-1
31686,23594,יאיר לפיד,1,21,917.0,,,,,-1
31694,23594,יאיר לפיד,1,21,917.0,כחול לבן,,,,-1
31710,23594,יאיר לפיד,2,21,917.0,כחול לבן,,,,-1
31734,23594,יאיר לפיד,2,21,917.0,כחול לבן,,,,-1
31735,23594,יאיר לפיד,2,21,917.0,כחול לבן,,,,-1
31736,23594,יאיר לפיד,2,21,917.0,כחול לבן,,,,-1
31685,23596,יעל גרמן,1,21,917.0,,,,,-1
31686,23596,יעל גרמן,1,21,917.0,,,,,-1
31694,23596,יעל גרמן,1,21,917.0,כחול לבן,,,,-1
31710,23596,יעל גרמן,2,21,917.0,כחול לבן,,,,-1
31734,23596,יעל גרמן,2,21,917.0,כחול לבן,,,,-1
31735,23596,יעל גרמן,2,21,917.0,כחול לבן,,,,-1
31736,23596,יעל גרמן,2,21,917.0,כחול לבן,,,,-1
31749,23596,יעל גרמן,1,21,917.0,כחול לבן,,,,-1
31773,23596,יעל גרמן,1,21,917.0,כחול לבן,,,,-1
31774,23596,יעל גרמן,1,21,917.0,כחול לבן,,,,-1
31685,23597,מאיר כהן,1,21,917.0,,,,,-1
31686,23597,מאיר כהן,1,21,917.0,,,,,-1
31694,23597,מאיר כהן,1,21,917.0,כחול לבן,,,,-1
31710,23597,מאיר כהן,4,21,917.0,כחול לבן,,,,-1
31734,23597,מאיר כהן,2,21,917.0,כחול לבן,,,,-1
31735,23597,מאיר כהן,2,21,917.0,כחול לבן,,,,-1
31736,23597,מאיר כהן,2,21,917.0,כחול לבן,,,,-1
31751,23597,מאיר כהן,1,21,917.0,כחול לבן,,,,-1
31752,23597,מאיר כהן,1,21,917.0,כחול לבן,,,,-1
31753,23597,מאיר כהן,1,21,917.0,כחול לבן,,,,-1
31766,23597,מאיר כהן,1,21,917.0,כחול לבן,,,,-1
31772,23597,מאיר כהן,1,21,917.0,כחול לבן,,,,-1
31773,23597,מאיר כהן,1,21,917.0,כחול לבן,,,,-1
31774,23597,מאיר כהן,1,21,917.0,כחול לבן,,,,-1
31685,23600,עפר שלח,1,21,917.0,,,,,-1
31686,23600,עפר שלח,1,21,917.0,,,,,-1
31710,23600,עפר שלח,2,21,917.0,כחול לבן,,,,-1
31734,23600,עפר שלח,2,21,917.0,כחול לבן,,,,-1
31735,23600,עפר שלח,2,21,917.0,כחול לבן,,,,-1
31736,23600,עפר שלח,2,21,917.0,כחול לבן,,,,-1
31685,23601,יואל רזבוזוב,1,21,917.0,,,,,-1
31686,23601,יואל רזבוזוב,1,21,917.0,,,,,-1
31710,23601,יואל רזבוזוב,2,21,917.0,כחול לבן,,,,-1
31734,23601,יואל רזבוזוב,2,21,917.0,כחול לבן,,,,-1
31735,23601,יואל רזבוזוב,2,21,917.0,כחול לבן,,,,-1
31736,23601,יואל רזבוזוב,2,21,917.0,כחול לבן,,,,-1
31685,23631,קארין אלהרר,1,21,917.0,,,,,-1
31686,23631,קארין אלהרר,1,21,917.0,,,,,-1
31694,23631,אלהרר קארין,1,21,917.0,כחול לבן,5.0,Unknown,,-1
31710,23631,קארין אלהרר,2,21,917.0,כחול לבן,,,,-1
31734,23631,קארין אלהרר,2,21,917.0,כחול לבן,,,,-1
31735,23631,קארין אלהרר,2,21,917.0,כחול לבן,,,,-1
31736,23631,קארין אלהרר,2,21,917.0,כחול לבן,,,,-1
31774,23631,קארין אלהרר,1,21,917.0,כחול לבן,,,,-1
31686,23632,מיקי לוי,1,21,917.0,,,,,-1
31710,23632,מיקי לוי,2,21,917.0,כחול לבן,,,,-1
31736,23632,מיקי לוי,2,21,917.0,כחול לבן,,,,-1
31751,23632,מיקי לוי,1,21,917.0,כחול לבן,,,,-1
31773,23632,מיקי לוי,1,21,917.0,כחול לבן,,,,-1
31774,23632,מיקי לוי,1,21,917.0,כחול לבן,,,,-1
31685,23635,פנינה תמנו,1,21,917.0,,,,,-1
31686,23635,פנינה תמנו,1,21,917.0,,,,,-1
31694,23635,פנינה תמנו,1,21,917.0,כחול לבן,,,,-1
31710,23635,פנינה תמנו,2,21,917.0,כחול לבן,,,,-1
31734,23635,פנינה תמנו,2,21,917.0,כחול לבן,,,,-1
31735,23635,פנינה תמנו,2,21,917.0,כחול לבן,,,,-1
31736,23635,פנינה תמנו,2,21,917.0,כחול לבן,,,,-1
31751,23635,פנינה תמנו,1,21,917.0,כחול לבן,,,,-1
31752,23635,פנינה תמנו,1,21,917.0,כחול לבן,,,,-1
31753,23635,פנינה תמנו,1,21,917.0,כחול לבן,,,,-1
31686,23639,בועז טופורובסקי,1,21,917.0,,,,,-1
31694,23639,בועז טופורובסקי,1,21,917.0,כחול לבן,,,,-1
31710,23639,בועז טופורובסקי,2,21,917.0,כחול לבן,,,,-1
31734,23639,בועז טופורובסקי,2,21,917.0,כחול לבן,,,,-1
31735,23639,בועז טופורובסקי,2,21,917.0,כחול לבן,,,,-1
31736,23639,בועז טופורובסקי,2,21,917.0,כחול לבן,,,,-1
31772,23639,בועז טופורובסקי,1,21,917.0,כחול לבן,,,,-1
31774,23639,בועז טופורובסקי,1,21,917.0,כחול לבן,,,,-1
31685,23641,יעקב אשר,1,21,928.0,,,,,-1
31686,23641,יעקב אשר,1,21,928.0,,,,,-1
31710,23641,יעקב אשר,1,21,928.0,יהדות התורה,,,,-1
31734,23641,יעקב אשר,1,21,928.0,יהדות התורה,,,,-1
31735,23641,יעקב אשר,1,21,928.0,יהדות התורה,,,,-1
31736,23641,יעקב אשר,1,21,928.0,יהדות התורה,,,,-1
31766,23641,יעקב אשר,1,21,928.0,יהדות התורה,,,,-1
31772,23641,יעקב אשר,1,21,928.0,יהדות התורה,,,,-1
31774,23641,יעקב אשר,1,21,928.0,יהדות התורה,,,,-1
31685,23651,תמר זנדברג,3,21,926.0,,,,,-1
31686,23651,תמר זנדברג,1,21,926.0,,,,,-1
31710,23651,תמר זנדברג,2,21,926.0,מרצ,,,,-1
31734,23651,תמר זנדברג,2,21,926.0,מרצ,,,,-1
31735,23651,תמר זנדברג,2,21,926.0,מרצ,,,,-1
31736,23651,תמר זנדברג,2,21,926.0,מרצ,,,,-1
31685,23652,עיסאווי פריג`,3,21,926.0,,,,,-1
31686,23652,עיסאווי פריג`,1,21,926.0,,,,,-1
31734,23652,עיסאווי פריג`,2,21,926.0,מרצ,,,,-1
31735,23652,עיסאווי פריג`,2,21,926.0,מרצ,,,,-1
31736,23652,עיסאווי פריג`,2,21,926.0,מרצ,,,,-1
31685,23653,מיכל רוזין,3,21,926.0,,,,,-1
31686,23653,מיכל רוזין,1,21,926.0,,,,,-1
31710,23653,מיכל רוזין,2,21,926.0,מרצ,,,,-1
31734,23653,מיכל רוזין,2,21,926.0,מרצ,,,,-1
31735,23653,מיכל רוזין,2,21,926.0,מרצ,,,,-1
31736,23653,מיכל רוזין,2,21,926.0,מרצ,,,,-1
31685,28513,יואב בן צור,1,21,918.0,,,,,-1
31686,28513,יואב בן צור,1,21,918.0,,,,,-1
31694,28513,יואב בן צור,1,21,918.0,"ש""ס",,,,-1
31710,28513,יואב בן צור,1,21,918.0,"ש""ס",,,,-1
31734,28513,יואב בן צור,1,21,918.0,"ש""ס",,,,-1
31735,28513,יואב בן צור,1,21,918.0,"ש""ס",,,,-1
31736,28513,יואב בן צור,1,21,918.0,"ש""ס",,,,-1
31749,28513,יואב בן צור,1,21,918.0,"ש""ס",,,,-1
31750,28513,יואב בן צור,1,21,918.0,"ש""ס",,,,-1
31751,28513,יואב בן צור,1,21,918.0,"ש""ס",,,,-1
31685,30055,בצלאל סמוטריץ,1,21,923.0,,,,,-1
31686,30055,בצלאל סמוטריץ,1,21,923.0,,,,,-1
31734,30055,בצלאל סמוטריץ`,1,21,923.0,איחוד מפלגות הימין,,,,-1
31736,30055,בצלאל סמוטריץ`,1,21,923.0,איחוד מפלגות הימין,,,,-1
31685,30057,יואב קיש,1,21,931.0,,,,,-1
31686,30057,יואב קיש,1,21,931.0,,,,,-1
31694,30057,יואב קיש,1,21,931.0,הליכוד,,,,-1
31710,30057,יואב קיש,1,21,931.0,הליכוד,,,,-1
31734,30057,יואב קיש,1,21,931.0,הליכוד,,,,-1
31735,30057,יואב קיש,1,21,931.0,הליכוד,,,,-1
31736,30057,יואב קיש,1,21,931.0,הליכוד,,,,-1
31685,30058,מכלוף מיקי זוהר,1,21,931.0,,,,,-1
31686,30058,מכלוף מיקי זוהר,1,21,931.0,,,,,-1
31694,30058,זוהר מכלוף מיקי,1,21,931.0,הליכוד,5.0,Unknown,,-1
31710,30058,מכלוף מיקי זוהר,1,21,931.0,הליכוד,,,,-1
31734,30058,מכלוף מיקי זוהר,1,21,931.0,הליכוד,,,,-1
31735,30058,מכלוף מיקי זוהר,1,21,931.0,הליכוד,,,,-1
31736,30058,מכלוף מיקי זוהר,1,21,931.0,הליכוד,,,,-1
31694,30066,איימן עודה,1,21,924.0,"חד""ש-תע""ל",,,,-1
31734,30066,איימן עודה,3,21,924.0,"חד""ש-תע""ל",,,,-1
31735,30066,איימן עודה,2,21,924.0,"חד""ש-תע""ל",,,,-1
31736,30066,איימן עודה,3,21,924.0,"חד""ש-תע""ל",,,,-1
31766,30066,איימן עודה,2,21,924.0,"חד""ש-תע""ל",,,,-1
31694,30067,עאידה תומא סלימאן,1,21,924.0,"חד""ש-תע""ל",,,,-1
31734,30067,עאידה תומא סלימאן,3,21,924.0,"חד""ש-תע""ל",,,,-1
31735,30067,עאידה תומא סלימאן,2,21,924.0,"חד""ש-תע""ל",,,,-1
31736,30067,עאידה תומא סלימאן,3,21,924.0,"חד""ש-תע""ל",,,,-1
31734,30068,עבד אל חכים חאג` יחיא,1,21,922.0,"רע""ם-בל""ד",,,,-1
31735,30068,עבד אל חכים חאג` יחיא,1,21,922.0,"רע""ם-בל""ד",,,,-1
31736,30068,עבד אל חכים חאג` יחיא,1,21,922.0,"רע""ם-בל""ד",,,,-1
31766,30068,עבד אל חכים חאג` יחיא,2,21,922.0,"רע""ם-בל""ד",,,,-1
31734,30069,יוסף ג`בארין,3,21,924.0,"חד""ש-תע""ל",,,,-1
31686,30070,אוסאמה סעדי,1,21,924.0,,,,,-1
31734,30070,אוסאמה סעדי,3,21,924.0,"חד""ש-תע""ל",,,,-1
31736,30070,אוסאמה סעדי,3,21,924.0,"חד""ש-תע""ל",,,,-1
31685,30077,יואב גלנט,1,21,931.0,,,,,-1
31686,30077,יואב גלנט,1,21,931.0,,,,,-1
31710,30077,יואב גלנט,1,21,931.0,הליכוד,,,,-1
31734,30077,יואב גלנט,1,21,931.0,הליכוד,,,,-1
31735,30077,יואב גלנט,1,21,931.0,הליכוד,,,,-1
31736,30077,יואב גלנט,1,21,931.0,הליכוד,,,,-1
31685,30082,יפעת שאשא ביטון,1,21,930.0,,,,,-1
31686,30082,יפעת שאשא ביטון,1,21,930.0,,,,,-1
31734,30082,יפעת שאשא ביטון,1,21,930.0,כולנו,,,,-1
31735,30082,יפעת שאשא ביטון,1,21,930.0,כולנו,,,,-1
31736,30082,יפעת שאשא ביטון,1,21,930.0,כולנו,,,,-1
31766,30082,יפעת שאשא ביטון,1,21,930.0,כולנו,,,,-1
31685,30083,אלי כהן,1,21,,,,,,-1
31686,30083,אלי כהן,1,21,,,,,,-1
31710,30083,אלי כהן,1,21,930.0,כולנו,,,,-1
31734,30083,אלי כהן,1,21,930.0,כולנו,,,,-1
31735,30083,אלי כהן,1,21,930.0,כולנו,,,,-1
31736,30083,אלי כהן,1,21,930.0,כולנו,,,,-1
31766,30083,אלי כהן,1,21,930.0,כולנו,,,,-1
31685,30084,רועי פולקמן,1,21,930.0,,,,,-1
31686,30084,רועי פולקמן,1,21,930.0,,,,,-1
31694,30084,רועי פולקמן,1,21,930.0,כולנו,,,,-1
31710,30084,רועי פולקמן,1,21,930.0,כולנו,,,,-1
31734,30084,רועי פולקמן,1,21,930.0,כולנו,,,,-1
31735,30084,רועי פולקמן,1,21,930.0,כולנו,,,,-1
31736,30084,רועי פולקמן,1,21,930.0,כולנו,,,,-1
31766,30084,רועי פולקמן,1,21,930.0,כולנו,,,,-1
31685,30216,אבי גבאי,1,21,925.0,,,,,-1
31686,30216,אבי גבאי,1,21,925.0,,,,,-1
31694,30216,אבי גבאי,1,21,925.0,העבודה,,,,-1
31710,30216,אבי גבאי,2,21,925.0,העבודה,,,,-1
31734,30216,אבי גבאי,2,21,925.0,העבודה,,,,-1
31735,30216,אבי גבאי,2,21,925.0,העבודה,,,,-1
31736,30216,אבי גבאי,2,21,925.0,העבודה,,,,-1
31685,30305,שרן השכל,1,21,931.0,,,,,-1
31686,30305,שרן השכל,1,21,931.0,,,,,-1
31694,30305,שרן השכל,1,21,931.0,הליכוד,,,,-1
31710,30305,שרן השכל,1,21,931.0,הליכוד,,,,-1
31734,30305,שרן השכל,1,21,931.0,הליכוד,,,,-1
31735,30305,שרן השכל,1,21,931.0,הליכוד,,,,-1
31736,30305,שרן השכל,1,21,931.0,הליכוד,,,,-1
31685,30309,עודד פורר,1,21,929.0,,,,,-1
31686,30309,עודד פורר,1,21,929.0,,,,,-1
31710,30309,עודד פורר,1,21,929.0,ישראל ביתנו,,,,-1
31734,30309,עודד פורר,1,21,929.0,ישראל ביתנו,,,,-1
31735,30309,עודד פורר,1,21,929.0,ישראל ביתנו,,,,-1
31736,30309,עודד פורר,1,21,929.0,ישראל ביתנו,,,,-1
31752,30309,עודד פורר,1,21,929.0,ישראל ביתנו,,,,-1
31753,30309,עודד פורר,1,21,929.0,ישראל ביתנו,,,,-1
31766,30309,עודד פורר,1,21,929.0,ישראל ביתנו,,,,-1
31774,30309,עודד פורר,1,21,929.0,ישראל ביתנו,,,,-1
31685,30369,אמיר אוחנה,1,21,931.0,,,,,-1
31686,30369,אמיר אוחנה,1,21,931.0,,,,,-1
31710,30369,אמיר אוחנה,1,21,931.0,הליכוד,,,,-1
31734,30369,אמיר אוחנה,1,21,931.0,הליכוד,,,,-1
31735,30369,אמיר אוחנה,1,21,931.0,הליכוד,,,,-1
31736,30369,אמיר אוחנה,1,21,931.0,הליכוד,,,,-1
31766,30369,אוחנה אמיר,1,21,931.0,הליכוד,5.0,Unknown,,-1
31774,30369,אמיר אוחנה,1,21,931.0,הליכוד,,,,-1
31685,30573,מיכאל מלכיאלי,1,21,918.0,,,,,-1
31686,30573,מיכאל מלכיאלי,1,21,918.0,,,,,-1
31694,30573,מיכאל מלכיאלי,1,21,918.0,"ש""ס",,,,-1
31710,30573,מיכאל מלכיאלי,1,21,918.0,"ש""ס",,,,-1
31734,30573,מיכאל מלכיאלי,1,21,918.0,"ש""ס",,,,-1
31735,30573,מיכאל מלכיאלי,1,21,918.0,"ש""ס",,,,-1
31736,30573,מיכאל מלכיאלי,1,21,918.0,"ש""ס",,,,-1
31766,30573,מיכאל מלכיאלי,1,21,918.0,"ש""ס",,,,-1
31774,30573,מיכאל מלכיאלי,1,21,918.0,"ש""ס",,,,-1
31685,31851,ינון אזולאי,1,21,918.0,,,,,-1
31686,31851,ינון אזולאי,1,21,918.0,,,,,-1
31710,31851,ינון אזולאי,1,21,918.0,"ש""ס",,,,-1
31734,31851,ינון אזולאי,1,21,918.0,"ש""ס",,,,-1
31735,31851,ינון אזולאי,1,21,918.0,"ש""ס",,,,-1
31736,31851,ינון אזולאי,1,21,918.0,"ש""ס",,,,-1
31749,31851,ינון אזולאי,1,21,918.0,"ש""ס",,,,-1
31750,31851,ינון אזולאי,1,21,918.0,"ש""ס",,,,-1
31751,31851,ינון אזולאי,1,21,918.0,"ש""ס",,,,-1
31752,31851,ינון אזולאי,1,21,918.0,"ש""ס",,,,-1
31753,31851,ינון אזולאי,1,21,918.0,"ש""ס",,,,-1
31766,31851,ינון אזולאי,1,21,918.0,"ש""ס",,,,-1
31774,31851,ינון אזולאי,1,21,918.0,"ש""ס",,,,-1
31685,31948,אוסנת הילה מארק,1,21,931.0,,,,,-1
31686,31948,אוסנת הילה מארק,1,21,931.0,,,,,-1
31694,31948,אוסנת הילה מארק,1,21,931.0,הליכוד,,,,-1
31710,31948,אוסנת הילה מארק,1,21,931.0,הליכוד,,,,-1
31734,31948,אוסנת הילה מארק,1,21,931.0,הליכוד,,,,-1
31735,31948,אוסנת הילה מארק,1,21,931.0,הליכוד,,,,-1
31736,31948,אוסנת הילה מארק,1,21,931.0,הליכוד,,,,-1
31766,31948,אוסנת הילה מארק,1,21,931.0,הליכוד,,,,-1
31774,31948,אוסנת הילה מארק,1,21,931.0,הליכוד,,,,-1
31685,31997,אלי אבידר,1,21,929.0,,,,,-1
31686,31997,אלי אבידר,1,21,929.0,,,,,-1
31710,31997,אלי אבידר,1,21,929.0,ישראל ביתנו,,,,-1
31734,31997,אלי אבידר,1,21,929.0,ישראל ביתנו,,,,-1
31735,31997,אלי אבידר,1,21,929.0,ישראל ביתנו,,,,-1
31736,31997,אלי אבידר,1,21,929.0,ישראל ביתנו,,,,-1
31766,31997,אלי אבידר,1,21,929.0,ישראל ביתנו,,,,-1
31685,31998,משה ארבל,1,21,918.0,,,,,-1
31686,31998,משה ארבל,1,21,918.0,,,,,-1
31734,31998,משה ארבל,1,21,918.0,"ש""ס",,,,-1
31735,31998,משה ארבל,1,21,918.0,"ש""ס",,,,-1
31736,31998,משה ארבל,1,21,918.0,"ש""ס",,,,-1
31751,31998,משה ארבל,1,21,918.0,"ש""ס",,,,-1
31766,31998,משה ארבל,1,21,918.0,"ש""ס",,,,-1
31685,31999,גבי אשכנזי,1,21,917.0,,,,,-1
31686,31999,גבי אשכנזי,1,21,917.0,,,,,-1
31694,31999,גבי אשכנזי,1,21,917.0,כחול לבן,,,,-1
31710,31999,גבי אשכנזי,2,21,917.0,כחול לבן,,,,-1
31734,31999,גבי אשכנזי,2,21,917.0,כחול לבן,,,,-1
31735,31999,גבי אשכנזי,2,21,917.0,כחול לבן,,,,-1
31736,31999,גבי אשכנזי,2,21,917.0,כחול לבן,,,,-1
31773,31999,גבי אשכנזי,1,21,917.0,כחול לבן,,,,-1
31685,32000,מיכאל מרדכי ביטון,1,21,917.0,,,,,-1
31686,32000,מיכאל מרדכי ביטון,1,21,917.0,,,,,-1
31710,32000,מיכאל מרדכי ביטון,2,21,917.0,כחול לבן,,,,-1
31734,32000,מיכאל מרדכי ביטון,2,21,917.0,כחול לבן,,,,-1
31735,32000,מיכאל מרדכי ביטון,2,21,917.0,כחול לבן,,,,-1
31736,32000,מיכאל מרדכי ביטון,2,21,917.0,כחול לבן,,,,-1
31751,32000,מיכאל מרדכי ביטון,1,21,917.0,כחול לבן,,,,-1
31766,32000,מיכאל מרדכי ביטון,1,21,917.0,כחול לבן,,,,-1
31685,32001,רם בן ברק,1,21,917.0,,,,,-1
31686,32001,רם בן ברק,1,21,917.0,,,,,-1
31694,32001,רם בן-ברק,1,21,917.0,כחול לבן,,,,-1
31710,32001,רם בן-ברק,2,21,917.0,כחול לבן,,,,-1
31734,32001,רם בן-ברק,2,21,917.0,כחול לבן,,,,-1
31735,32001,רם בן-ברק,2,21,917.0,כחול לבן,,,,-1
31736,32001,רם בן-ברק,2,21,917.0,כחול לבן,,,,-1
31766,32001,רם בן-ברק,1,21,917.0,כחול לבן,,,,-1
31772,32001,רם בן-ברק,1,21,917.0,כחול לבן,,,,-1
31685,32002,אורנה ברביבאי,1,21,917.0,,,,,-1
31686,32002,אורנה ברביבאי,1,21,917.0,,,,,-1
31694,32002,אורנה ברביבאי,1,21,917.0,כחול לבן,,,,-1
31710,32002,אורנה ברביבאי,2,21,917.0,כחול לבן,,,,-1
31734,32002,אורנה ברביבאי,2,21,917.0,כחול לבן,,,,-1
31735,32002,אורנה ברביבאי,2,21,917.0,כחול לבן,,,,-1
31736,32002,אורנה ברביבאי,2,21,917.0,כחול לבן,,,,-1
31772,32002,אורנה ברביבאי,1,21,917.0,כחול לבן,,,,-1
31773,32002,אורנה ברביבאי,1,21,917.0,כחול לבן,,,,-1
31774,32002,אורנה ברביבאי,1,21,917.0,כחול לבן,,,,-1
31685,32003,קרן ברק,1,21,931.0,,,,,-1
31686,32003,קרן ברק,1,21,931.0,,,,,-1
31694,32003,קרן ברק,1,21,931.0,הליכוד,,,,-1
31710,32003,קרן ברק,1,21,931.0,הליכוד,,,,-1
31734,32003,קרן ברק,1,21,931.0,הליכוד,,,,-1
31735,32003,קרן ברק,1,21,931.0,הליכוד,,,,-1
31736,32003,קרן ברק,1,21,931.0,הליכוד,,,,-1
31766,32003,קרן ברק,1,21,931.0,הליכוד,,,,-1
31773,32003,קרן ברק,1,21,931.0,הליכוד,,,,-1
31685,32004,ניר ברקת,1,21,931.0,,,,,-1
31686,32004,ניר ברקת,1,21,931.0,,,,,-1
31694,32004,ניר ברקת,1,21,931.0,הליכוד,,,,-1
31710,32004,ניר ברקת,1,21,931.0,הליכוד,,,,-1
31734,32004,ניר ברקת,1,21,931.0,הליכוד,,,,-1
31735,32004,ניר ברקת,1,21,931.0,הליכוד,,,,-1
31736,32004,ניר ברקת,1,21,931.0,הליכוד,,,,-1
31749,32004,ניר ברקת,1,21,931.0,הליכוד,,,,-1
31766,32004,ניר ברקת,1,21,931.0,הליכוד,,,,-1
31774,32004,ניר ברקת,1,21,931.0,הליכוד,,,,-1
31685,32005,מאי גולן,1,21,931.0,,,,,-1
31686,32005,מאי גולן,1,21,931.0,,,,,-1
31710,32005,מאי גולן,1,21,931.0,הליכוד,,,,-1
31734,32005,מאי גולן,1,21,931.0,הליכוד,,,,-1
31735,32005,מאי גולן,1,21,931.0,הליכוד,,,,-1
31736,32005,מאי גולן,1,21,931.0,הליכוד,,,,-1
31685,32006,איתן גינזבורג,1,21,917.0,,,,,-1
31686,32006,איתן גינזבורג,1,21,917.0,,,,,-1
31694,32006,איתן גינזבורג,1,21,917.0,כחול לבן,,,,-1
31710,32006,איתן גינזבורג,2,21,917.0,כחול לבן,,,,-1
31734,32006,איתן גינזבורג,2,21,917.0,כחול לבן,,,,-1
31735,32006,איתן גינזבורג,2,21,917.0,כחול לבן,,,,-1
31736,32006,איתן גינזבורג,2,21,917.0,כחול לבן,,,,-1
31750,32006,איתן גינזבורג,1,21,917.0,כחול לבן,,,,-1
31685,32007,בני גנץ,1,21,917.0,,,,,-1
31686,32007,בני גנץ,1,21,917.0,,,,,-1
31694,32007,בני גנץ,1,21,917.0,כחול לבן,,,,-1
31710,32007,בני גנץ,2,21,917.0,כחול לבן,,,,-1
31734,32007,בני גנץ,2,21,917.0,כחול לבן,,,,-1
31735,32007,בני גנץ,2,21,917.0,כחול לבן,,,,-1
31736,32007,בני גנץ,2,21,917.0,כחול לבן,,,,-1
31766,32007,בני גנץ,1,21,917.0,כחול לבן,,,,-1
31773,32007,בני גנץ,1,21,917.0,כחול לבן,,,,-1
31774,32007,בני גנץ,1,21,917.0,כחול לבן,,,,-1
31685,32008,עוזי דיין,1,21,931.0,,,,,-1
31686,32008,עוזי דיין,1,21,931.0,,,,,-1
31694,32008,עוזי דיין,1,21,931.0,הליכוד,,,,-1
31710,32008,עוזי דיין,1,21,931.0,הליכוד,,,,-1
31734,32008,עוזי דיין,1,21,931.0,הליכוד,,,,-1
31735,32008,עוזי דיין,1,21,931.0,הליכוד,,,,-1
31736,32008,עוזי דיין,1,21,931.0,הליכוד,,,,-1
31752,32008,עוזי דיין,1,21,931.0,הליכוד,,,,-1
31766,32008,עוזי דיין,1,21,931.0,הליכוד,,,,-1
31774,32008,עוזי דיין,1,21,931.0,הליכוד,,,,-1
31685,32009,צבי האוזר,1,21,917.0,,,,,-1
31686,32009,צבי האוזר,1,21,917.0,,,,,-1
31694,32009,צבי האוזר,1,21,917.0,כחול לבן,,,,-1
31710,32009,צבי האוזר,2,21,917.0,כחול לבן,,,,-1
31734,32009,צבי האוזר,2,21,917.0,כחול לבן,,,,-1
31735,32009,צבי האוזר,2,21,917.0,כחול לבן,,,,-1
31736,32009,צבי האוזר,2,21,917.0,כחול לבן,,,,-1
31751,32009,צבי האוזר,1,21,917.0,כחול לבן,,,,-1
31766,32009,צבי האוזר,1,21,917.0,כחול לבן,,,,-1
31685,32011,יועז הנדל,1,21,917.0,,,,,-1
31686,32011,יועז הנדל,1,21,917.0,,,,,-1
31710,32011,יועז הנדל,2,21,917.0,כחול לבן,,,,-1
31734,32011,יועז הנדל,2,21,917.0,כחול לבן,,,,-1
31735,32011,יועז הנדל,2,21,917.0,כחול לבן,,,,-1
31736,32011,יועז הנדל,2,21,917.0,כחול לבן,,,,-1
31685,32012,אסף זמיר,1,21,917.0,,,,,-1
31686,32012,אסף זמיר,1,21,917.0,,,,,-1
31694,32012,אסף זמיר,1,21,917.0,כחול לבן,,,,-1
31710,32012,אסף זמיר,2,21,917.0,כחול לבן,,,,-1
31734,32012,אסף זמיר,2,21,917.0,כחול לבן,,,,-1
31735,32012,אסף זמיר,2,21,917.0,כחול לבן,,,,-1
31736,32012,אסף זמיר,2,21,917.0,כחול לבן,,,,-1
31752,32012,אסף זמיר,1,21,917.0,כחול לבן,,,,-1
31753,32012,אסף זמיר,1,21,917.0,כחול לבן,,,,-1
31766,32012,אסף זמיר,1,21,917.0,כחול לבן,,,,-1
31685,32013,מיקי חימוביץ,1,21,917.0,,,,,-1
31686,32013,מיקי חימוביץ,1,21,917.0,,,,,-1
31694,32013,מיקי חיימוביץ`,1,21,917.0,כחול לבן,,,,-1
31710,32013,מיקי חיימוביץ`,2,21,917.0,כחול לבן,,,,-1
31734,32013,מיקי חיימוביץ`,2,21,917.0,כחול לבן,,,,-1
31735,32013,מיקי חיימוביץ`,2,21,917.0,כחול לבן,,,,-1
31736,32013,מיקי חיימוביץ`,2,21,917.0,כחול לבן,,,,-1
31749,32013,מיקי חיימוביץ`,1,21,917.0,כחול לבן,,,,-1
31750,32013,מיקי חיימוביץ`,1,21,917.0,כחול לבן,,,,-1
31685,32014,יואל יעקב טסלר,1,21,928.0,,,,,-1
31686,32014,יואל יעקב טסלר,1,21,928.0,,,,,-1
31694,32014,יעקב טסלר,1,21,928.0,יהדות התורה,,,,-1
31710,32014,יעקב טסלר,1,21,928.0,יהדות התורה,,,,-1
31734,32014,יעקב טסלר,1,21,928.0,יהדות התורה,,,,-1
31735,32014,יעקב טסלר,1,21,928.0,יהדות התורה,,,,-1
31736,32014,יעקב טסלר,1,21,928.0,יהדות התורה,,,,-1
31685,32015,יחיאל משה טרופר,1,21,917.0,,,,,-1
31686,32015,יחיאל משה טרופר,1,21,917.0,,,,,-1
31694,32015,חילי טרופר,1,21,917.0,כחול לבן,,,,-1
31710,32015,חילי טרופר,2,21,917.0,כחול לבן,,,,-1
31734,32015,חילי טרופר,2,21,917.0,כחול לבן,,,,-1
31735,32015,חילי טרופר,2,21,917.0,כחול לבן,,,,-1
31736,32015,חילי טרופר,2,21,917.0,כחול לבן,,,,-1
31772,32015,חילי טרופר,1,21,917.0,כחול לבן,,,,-1
31774,32015,חילי טרופר,1,21,917.0,כחול לבן,,,,-1
31685,32016,דסטה גדי יברקן,1,21,917.0,,,,,-1
31686,32016,דסטה גדי יברקן,1,21,917.0,,,,,-1
31694,32016,דסטה יברקן,1,21,917.0,כחול לבן,,,,-1
31710,32016,דסטה יברקן,2,21,917.0,כחול לבן,,,,-1
31734,32016,דסטה יברקן,2,21,917.0,כחול לבן,,,,-1
31735,32016,דסטה יברקן,2,21,917.0,כחול לבן,,,,-1
31736,32016,דסטה יברקן,2,21,917.0,כחול לבן,,,,-1
31736,32017,היבה יזבק,1,21,922.0,"רע""ם-בל""ד",,,,-1
31685,32018,עומר ינקלביץ,1,21,917.0,,,,,-1
31686,32018,עומר ינקלביץ,1,21,917.0,,,,,-1
31694,32018,עומר ינקלביץ`,1,21,917.0,כחול לבן,,,,-1
31710,32018,עומר ינקלביץ`,2,21,917.0,כחול לבן,,,,-1
31734,32018,עומר ינקלביץ`,2,21,917.0,כחול לבן,,,,-1
31735,32018,עומר ינקלביץ`,2,21,917.0,כחול לבן,,,,-1
31736,32018,עומר ינקלביץ`,2,21,917.0,כחול לבן,,,,-1
31749,32018,עומר ינקלביץ`,1,21,917.0,כחול לבן,,,,-1
31766,32018,עומר ינקלביץ`,1,21,917.0,כחול לבן,,,,-1
31774,32018,עומר ינקלביץ`,1,21,917.0,כחול לבן,,,,-1
31685,32020,מירב כהן,1,21,917.0,,,,,-1
31686,32020,מירב כהן,1,21,917.0,,,,,-1
31710,32020,מירב כהן,2,21,917.0,כחול לבן,,,,-1
31735,32020,מירב כהן,2,21,917.0,כחול לבן,,,,-1
31736,32020,מירב כהן,2,21,917.0,כחול לבן,,,,-1
31749,32020,מירב כהן,1,21,917.0,כחול לבן,,,,-1
31750,32020,מירב כהן,1,21,917.0,כחול לבן,,,,-1
31774,32020,מירב כהן,1,21,917.0,כחול לבן,,,,-1
31694,32021,עופר כסיף,1,21,924.0,"חד""ש-תע""ל",,,,-1
31734,32021,עופר כסיף,3,21,924.0,"חד""ש-תע""ל",,,,-1
31736,32021,עופר כסיף,3,21,924.0,"חד""ש-תע""ל",,,,-1
31766,32021,עופר כסיף,2,21,924.0,"חד""ש-תע""ל",,,,-1
31685,32022,אופיר כץ,1,21,931.0,,,,,-1
31686,32022,אופיר כץ,1,21,931.0,,,,,-1
31694,32022,אופיר כץ,1,21,931.0,הליכוד,,,,-1
31710,32022,אופיר כץ,1,21,931.0,הליכוד,,,,-1
31734,32022,אופיר כץ,1,21,931.0,הליכוד,,,,-1
31735,32022,אופיר כץ,1,21,931.0,הליכוד,,,,-1
31736,32022,אופיר כץ,1,21,931.0,הליכוד,,,,-1
31766,32022,אופיר כץ,1,21,931.0,הליכוד,,,,-1
31685,32023,יוראי להב הרצנו,1,21,917.0,,,,,-1
31686,32023,יוראי להב הרצנו,1,21,917.0,,,,,-1
31694,32023,יוראי להב הרצנו,1,21,917.0,כחול לבן,,,,-1
31710,32023,יוראי להב הרצנו,2,21,917.0,כחול לבן,,,,-1
31734,32023,יוראי להב הרצנו,2,21,917.0,כחול לבן,,,,-1
31735,32023,יוראי להב הרצנו,2,21,917.0,כחול לבן,,,,-1
31736,32023,יוראי להב הרצנו,2,21,917.0,כחול לבן,,,,-1
31749,32023,יוראי להב הרצנו,1,21,917.0,כחול לבן,,,,-1
31751,32023,יוראי להב הרצנו,1,21,917.0,כחול לבן,,,,-1
31752,32023,יוראי להב הרצנו,1,21,917.0,כחול לבן,,,,-1
31753,32023,יוראי להב הרצנו,1,21,917.0,כחול לבן,,,,-1
31772,32023,יוראי להב הרצנו,1,21,917.0,כחול לבן,,,,-1
31773,32023,יוראי להב הרצנו,1,21,917.0,כחול לבן,,,,-1
31774,32023,יוראי להב הרצנו,1,21,917.0,כחול לבן,,,,-1
31685,32024,פטין מולא,1,21,931.0,,,,,-1
31686,32024,פטין מולא,1,21,931.0,,,,,-1
31694,32024,פטין מולא,1,21,931.0,הליכוד,,,,-1
31710,32024,פטין מולא,1,21,931.0,הליכוד,,,,-1
31734,32024,פטין מולא,1,21,931.0,הליכוד,,,,-1
31735,32024,פטין מולא,1,21,931.0,הליכוד,,,,-1
31736,32024,פטין מולא,1,21,931.0,הליכוד,,,,-1
31766,32024,פטין מולא,1,21,931.0,הליכוד,,,,-1
31685,32025,רדיר מריח,1,21,917.0,,,,,-1
31686,32025,רדיר מריח,1,21,917.0,,,,,-1
31710,32025,ע`דיר כמאל מריח,2,21,917.0,כחול לבן,,,,-1
31734,32025,ע`דיר כמאל מריח,2,21,917.0,כחול לבן,,,,-1
31735,32025,ע`דיר כמאל מריח,2,21,917.0,כחול לבן,,,,-1
31736,32025,ע`דיר כמאל מריח,2,21,917.0,כחול לבן,,,,-1
31773,32025,ע`דיר כמאל מריח,1,21,917.0,כחול לבן,,,,-1
31685,32026,אבי ניסנקורן,1,21,917.0,,,,,-1
31686,32026,אבי ניסנקורן,1,21,917.0,,,,,-1
31694,32026,אבי ניסנקורן,1,21,917.0,כחול לבן,,,,-1
31710,32026,אבי ניסנקורן,2,21,917.0,כחול לבן,,,,-1
31734,32026,אבי ניסנקורן,2,21,917.0,כחול לבן,,,,-1
31735,32026,אבי ניסנקורן,2,21,917.0,כחול לבן,,,,-1
31736,32026,אבי ניסנקורן,2,21,917.0,כחול לבן,,,,-1
31749,32026,אבי ניסנקורן,1,21,917.0,כחול לבן,,,,-1
31766,32026,אבי ניסנקורן,1,21,917.0,כחול לבן,,,,-1
31685,32027,יואב סגלוביץ,1,21,917.0,,,,,-1
31686,32027,יואב סגלוביץ,1,21,917.0,,,,,-1
31694,32027,יואב סגלוביץ,1,21,917.0,כחול לבן,,,,-1
31710,32027,יואב סגלוביץ,2,21,917.0,כחול לבן,,,,-1
31734,32027,יואב סגלוביץ,2,21,917.0,כחול לבן,,,,-1
31735,32027,יואב סגלוביץ,2,21,917.0,כחול לבן,,,,-1
31736,32027,יואב סגלוביץ,2,21,917.0,כחול לבן,,,,-1
31752,32027,יואב סגלוביץ,1,21,917.0,כחול לבן,,,,-1
31753,32027,יואב סגלוביץ,1,21,917.0,כחול לבן,,,,-1
31772,32027,יואב סגלוביץ,1,21,917.0,כחול לבן,,,,-1
31774,32027,יואב סגלוביץ,1,21,917.0,כחול לבן,,,,-1
31685,32028,יבגני סובה,1,21,929.0,,,,,-1
31686,32028,יבגני סובה,1,21,929.0,,,,,-1
31694,32028,יבגני סובה,1,21,929.0,ישראל ביתנו,,,,-1
31710,32028,יבגני סובה,1,21,929.0,ישראל ביתנו,,,,-1
31734,32028,יבגני סובה,1,21,929.0,ישראל ביתנו,,,,-1
31735,32028,יבגני סובה,1,21,929.0,ישראל ביתנו,,,,-1
31736,32028,יבגני סובה,1,21,929.0,ישראל ביתנו,,,,-1
31766,32028,יבגני סובה,1,21,929.0,ישראל ביתנו,,,,-1
31685,32029,אופיר סופר,1,21,923.0,,,,,-1
31686,32029,אופיר סופר,1,21,923.0,,,,,-1
31710,32029,אופיר סופר,1,21,923.0,איחוד מפלגות הימין,,,,-1
31734,32029,אופיר סופר,1,21,923.0,איחוד מפלגות הימין,,,,-1
31735,32029,אופיר סופר,1,21,923.0,איחוד מפלגות הימין,,,,-1
31736,32029,אופיר סופר,1,21,923.0,איחוד מפלגות הימין,,,,-1
31766,32029,אופיר סופר,1,21,923.0,איחוד מפלגות הימין,,,,-1
31685,32030,עידית סילמן,1,21,923.0,,,,,-1
31686,32030,עידית סילמן,1,21,923.0,,,,,-1
31710,32030,עידית סילמן,1,21,923.0,איחוד מפלגות הימין,,,,-1
31734,32030,עידית סילמן,1,21,923.0,איחוד מפלגות הימין,,,,-1
31735,32030,עידית סילמן,1,21,923.0,איחוד מפלגות הימין,,,,-1
31736,32030,עידית סילמן,1,21,923.0,איחוד מפלגות הימין,,,,-1
31766,32030,עידית סילמן,1,21,923.0,איחוד מפלגות הימין,,,,-1
31694,32031,מנסור עבאס,1,21,922.0,"רע""ם-בל""ד",,,,-1
31734,32031,מנסור עבאס,1,21,922.0,"רע""ם-בל""ד",,,,-1
31735,32031,מנסור עבאס,1,21,922.0,"רע""ם-בל""ד",,,,-1
31736,32031,מנסור עבאס,1,21,922.0,"רע""ם-בל""ד",,,,-1
31766,32031,מנסור עבאס,2,21,922.0,"רע""ם-בל""ד",,,,-1
31685,32032,חוה אתי עטייה,1,21,931.0,,,,,-1
31686,32032,חוה אתי עטייה,1,21,931.0,,,,,-1
31734,32032,חוה (אתי) עטייה,1,21,931.0,הליכוד,,,,-1
31735,32032,חוה (אתי) עטייה,1,21,931.0,הליכוד,,,,-1
31736,32032,חוה (אתי) עטייה,1,21,931.0,הליכוד,,,,-1
31766,32032,חוה (אתי) עטייה,1,21,931.0,הליכוד,,,,-1
31685,32033,יצחק זאב פינדרוס,1,21,928.0,,,,,-1
31686,32033,יצחק זאב פינדרוס,1,21,928.0,,,,,-1
31694,32033,יצחק פינדרוס,1,21,928.0,יהדות התורה,,,,-1
31710,32033,יצחק פינדרוס,1,21,928.0,יהדות התורה,,,,-1
31734,32033,יצחק פינדרוס,1,21,928.0,יהדות התורה,,,,-1
31735,32033,יצחק פינדרוס,1,21,928.0,יהדות התורה,,,,-1
31736,32033,יצחק פינדרוס,1,21,928.0,יהדות התורה,,,,-1
31766,32033,יצחק פינדרוס,1,21,928.0,יהדות התורה,,,,-1
31774,32033,יצחק פינדרוס,1,21,928.0,יהדות התורה,,,,-1
31685,32034,אורלי פרומן,1,21,917.0,,,,,-1
31686,32034,אורלי פרומן,1,21,917.0,,,,,-1
31710,32034,אורלי פרומן,2,21,917.0,כחול לבן,,,,-1
31734,32034,אורלי פרומן,2,21,917.0,כחול לבן,,,,-1
31735,32034,אורלי פרומן,2,21,917.0,כחול לבן,,,,-1
31736,32034,אורלי פרומן,2,21,917.0,כחול לבן,,,,-1
31752,32034,אורלי פרומן,1,21,917.0,כחול לבן,,,,-1
31753,32034,אורלי פרומן,1,21,917.0,כחול לבן,,,,-1
31685,32035,רפאל פרץ,1,21,923.0,,,,,-1
31686,32035,רפאל פרץ,1,21,923.0,,,,,-1
31694,32035,רפאל פרץ,1,21,923.0,איחוד מפלגות הימין,,,,-1
31710,32035,רפאל פרץ,1,21,923.0,איחוד מפלגות הימין,,,,-1
31734,32035,רפאל פרץ,1,21,923.0,איחוד מפלגות הימין,,,,-1
31735,32035,רפאל פרץ,1,21,923.0,איחוד מפלגות הימין,,,,-1
31736,32035,רפאל פרץ,1,21,923.0,איחוד מפלגות הימין,,,,-1
31685,32036,אורית פרקש-הכהן,1,21,917.0,,,,,-1
31686,32036,אורית פרקש-הכהן,1,21,917.0,,,,,-1
31694,32036,אורית פרקש-הכהן,1,21,917.0,כחול לבן,,,,-1
31710,32036,אורית פרקש-הכהן,2,21,917.0,כחול לבן,,,,-1
31734,32036,אורית פרקש-הכהן,2,21,917.0,כחול לבן,,,,-1
31735,32036,אורית פרקש-הכהן,2,21,917.0,כחול לבן,,,,-1
31736,32036,אורית פרקש-הכהן,2,21,917.0,כחול לבן,,,,-1
31685,32037,אריאל קלנר,1,21,931.0,,,,,-1
31686,32037,אריאל קלנר,1,21,931.0,,,,,-1
31694,32037,אריאל קלנר,1,21,931.0,הליכוד,,,,-1
31710,32037,אריאל קלנר,1,21,931.0,הליכוד,,,,-1
31734,32037,אריאל קלנר,1,21,931.0,הליכוד,,,,-1
31735,32037,אריאל קלנר,1,21,931.0,הליכוד,,,,-1
31736,32037,אריאל קלנר,1,21,931.0,הליכוד,,,,-1
31766,32037,אריאל קלנר,1,21,931.0,הליכוד,,,,-1
31772,32037,אריאל קלנר,1,21,931.0,הליכוד,,,,-1
31774,32037,אריאל קלנר,1,21,931.0,הליכוד,,,,-1
31685,32038,שלמה קרעי,1,21,931.0,,,,,-1
31686,32038,שלמה קרעי,1,21,931.0,,,,,-1
31710,32038,שלמה קרעי,1,21,931.0,הליכוד,,,,-1
31734,32038,שלמה קרעי,1,21,931.0,הליכוד,,,,-1
31735,32038,שלמה קרעי,1,21,931.0,הליכוד,,,,-1
31736,32038,שלמה קרעי,1,21,931.0,הליכוד,,,,-1
31766,32038,שלמה קרעי,1,21,931.0,הליכוד,,,,-1
31772,32038,שלמה קרעי,1,21,931.0,הליכוד,,,,-1
31773,32038,שלמה קרעי,1,21,931.0,הליכוד,,,,-1
31774,32038,שלמה קרעי,1,21,931.0,הליכוד,,,,-1
31685,32039,עדן רול,1,21,917.0,,,,,-1
31686,32039,עדן רול,1,21,917.0,,,,,-1
31694,32039,עדן רול,1,21,917.0,כחול לבן,,,,-1
31710,32039,עידן רול,2,21,917.0,כחול לבן,,,,-1
31734,32039,עידן רול,2,21,917.0,כחול לבן,,,,-1
31735,32039,עידן רול,2,21,917.0,כחול לבן,,,,-1
31736,32039,עידן רול,2,21,917.0,כחול לבן,,,,-1
31772,32039,עידן רול,1,21,917.0,כחול לבן,,,,-1
31773,32039,עידן רול,1,21,917.0,כחול לבן,,,,-1
31685,32040,טל רוסו,1,21,925.0,,,,,-1
31686,32040,טל רוסו,1,21,925.0,,,,,-1
31694,32040,טל רוסו,1,21,925.0,העבודה,,,,-1
31710,32040,טל רוסו,2,21,925.0,העבודה,,,,-1
31734,32040,טל רוסו,2,21,925.0,העבודה,,,,-1
31735,32040,טל רוסו,2,21,925.0,העבודה,,,,-1
31736,32040,טל רוסו,2,21,925.0,העבודה,,,,-1
31772,32040,טל רוסו,1,21,925.0,העבודה,,,,-1
31685,32041,אלון נתן שוסטר,1,21,917.0,,,,,-1
31686,32041,אלון נתן שוסטר,1,21,917.0,,,,,-1
31710,32041,אלון נתן שוסטר,2,21,917.0,כחול לבן,,,,-1
31734,32041,אלון נתן שוסטר,2,21,917.0,כחול לבן,,,,-1
31735,32041,אלון נתן שוסטר,2,21,917.0,כחול לבן,,,,-1
31736,32041,אלון נתן שוסטר,2,21,917.0,כחול לבן,,,,-1
31752,32041,אלון נתן שוסטר,1,21,917.0,כחול לבן,,,,-1
31753,32041,אלון נתן שוסטר,1,21,917.0,כחול לבן,,,,-1
31766,32041,אלון נתן שוסטר,1,21,917.0,כחול לבן,,,,-1
31772,32041,אלון נתן שוסטר,1,21,917.0,כחול לבן,,,,-1
31735,32042,אנטאנס שחאדה,1,21,922.0,"רע""ם-בל""ד",,,,-1
31736,32042,אנטאנס שחאדה,1,21,922.0,"רע""ם-בל""ד",,,,-1
31766,32042,אנטאנס שחאדה,2,21,922.0,"רע""ם-בל""ד",,,,-1
31685,32043,קטי קטרין שטרית,1,21,931.0,,,,,-1
31686,32043,קטי קטרין שטרית,1,21,931.0,,,,,-1
31694,32043,קטי (קטרין) שטרית,1,21,931.0,הליכוד,,,,-1
31710,32043,קטי (קטרין) שטרית,1,21,931.0,הליכוד,,,,-1
31734,32043,קטי (קטרין) שטרית,1,21,931.0,הליכוד,,,,-1
31735,32043,קטי (קטרין) שטרית,1,21,931.0,הליכוד,,,,-1
31736,32043,קטי (קטרין) שטרית,1,21,931.0,הליכוד,,,,-1
31751,32043,קטי (קטרין) שטרית,1,21,931.0,הליכוד,,,,-1
31766,32043,קטי (קטרין) שטרית,1,21,931.0,הליכוד,,,,-1
31685,32044,יזהר ניצן שי,1,21,917.0,,,,,-1
31686,32044,יזהר ניצן שי,1,21,917.0,,,,,-1
31694,32044,יזהר שי,1,21,917.0,כחול לבן,,,,-1
31710,32044,יזהר שי,2,21,917.0,כחול לבן,,,,-1
31734,32044,יזהר שי,2,21,917.0,כחול לבן,,,,-1
31735,32044,יזהר שי,2,21,917.0,כחול לבן,,,,-1
31736,32044,יזהר שי,2,21,917.0,כחול לבן,,,,-1
31766,32044,יזהר שי,1,21,917.0,כחול לבן,,,,-1
31772,32044,יזהר שי,1,21,917.0,כחול לבן,,,,-1
31773,32044,יזהר שי,1,21,917.0,כחול לבן,,,,-1
31685,32045,מיכל שיר סגמן,1,21,931.0,,,,,-1
31686,32045,מיכל שיר סגמן,1,21,931.0,,,,,-1
31710,32045,מיכל שיר,1,21,931.0,הליכוד,,,,-1
31734,32045,מיכל שיר,1,21,931.0,הליכוד,,,,-1
31735,32045,מיכל שיר,1,21,931.0,הליכוד,,,,-1
31736,32045,מיכל שיר,1,21,931.0,הליכוד,,,,-1
31766,32045,מיכל שיר,1,21,931.0,הליכוד,,,,-1
31686,32046,רם שפע,1,21,917.0,,,,,-1
31694,32046,רם שפע,1,21,917.0,כחול לבן,,,,-1
31710,32046,רם שפע,2,21,917.0,כחול לבן,,,,-1
31734,32046,רם שפע,2,21,917.0,כחול לבן,,,,-1
31735,32046,רם שפע,2,21,917.0,כחול לבן,,,,-1
31736,32046,רם שפע,2,21,917.0,כחול לבן,,,,-1
31772,32046,רם שפע,1,21,917.0,כחול לבן,,,,-1
31774,32046,רם שפע,1,21,917.0,כחול לבן,,,,-1
