vote_id,knesset_num,session_id,sess_item_nbr,sess_item_id,sess_item_dscr,vote_item_id,vote_item_dscr,vote_date,vote_time,is_elctrnc_vote,vote_type,is_accepted,total_for,total_against,total_abstain,vote_stat,session_num,vote_nbr_in_sess,reason,modifier,remark,FilePath,CommitteeID,CommitteeName
18621,19,480003,3,480036,הצעת חוק-יסוד: תקציב המדינה לשנים 2009 עד 2012 (הוראות מיוחדות) (הוראת שעה) (תיקון מס` 2),102,אישור החוק,2013-03-19T00:00:00,17:47,1,1,1,56,10,15,1,17,7,4,Unknown,,https://fs.knesset.gov.il//19/law/19_lsr_301538.pdf,846.0,ועדת הכספים
18627,19,480003,6,480037,"הצעת חוק הרבנות הראשית לישראל (הארכת כהונה של הרבנים הראשיים לישראל) (הוראת שעה), התשע""ג-2013 ",102,אישור החוק,2013-03-19T00:00:00,18:41,1,1,1,62,5,0,1,17,13,4,Unknown,,https://fs.knesset.gov.il//19/law/19_lsr_301539.pdf,859.0,הוועדה המיוחדת לדיון בהצעת חוק הרבנות הראשית לישראל
18699,19,481053,9,480871,"חוק המאבק בתופעת השכרות (הוראת שעה ותיקון חקיקה) (תיקון), התשע""ג-2013 ",102,אישור החוק,2013-04-29T00:00:00,20:58,1,1,1,35,11,0,1,22,13,4,Unknown,,https://fs.knesset.gov.il//19/law/19_lsr_301545.pdf,848.0,ועדת הפנים והגנת הסביבה
18701,19,481053,10,480877,"חוק לתיקון פקודת הרוקחים (מס` 20) (תיקון מס` 2 - הוראת שעה), התשע""ג-2013",102,אישור החוק,2013-04-29T00:00:00,21:09,1,1,1,45,0,0,1,22,15,4,Unknown,,https://fs.knesset.gov.il//19/law/19_lsr_301550.pdf,852.0,"ועדת העבודה, הרווחה והבריאות"
18709,19,481053,11,481311,"הצעת חוק סדר הדין הפלילי (עצור החשוד בעבירת ביטחון) (הוראת שעה) (תיקון מס` 3) (הארכת תוקף), התשע""ג-2013 ",102,אישור החוק,2013-04-29T00:00:00,21:29,1,1,1,32,9,1,1,22,23,4,Unknown,,,,
18711,19,481053,12,480875,"חוק שירות ביטחון (הוראת שעה) (תיקון מס` 15), התשע""ג-2013 ",102,אישור החוק,2013-04-29T00:00:00,21:36,1,1,1,24,3,0,1,22,25,4,Unknown,,https://fs.knesset.gov.il//19/law/19_lsr_301548.pdf,847.0,ועדת החוץ והביטחון
18719,19,481396,5,480872,"חוק פיקוח אלקטרוני על משוחררים בערובה ומשוחררים על-תנאי ממאסר (הוראת שעה) (תיקון מס` 3), התשע""ג-2013 ",102,אישור החוק,2013-04-30T00:00:00,17:36,1,1,1,18,0,0,1,23,3,4,Unknown,,https://fs.knesset.gov.il//19/law/19_lsr_301546.pdf,855.0,"ועדת החוקה, חוק ומשפט"
18749,19,481637,5,481405,"חוק מיסוי מקרקעין (שבח ורכישה) (תיקון מס` 75 והוראת שעה), התשע""ג-2013",102,אישור החוק,2013-05-06T00:00:00,19:04,1,1,1,20,0,0,1,25,7,4,Unknown,,https://fs.knesset.gov.il//19/law/19_lsr_301553.pdf,846.0,ועדת הכספים
18783,19,482216,9,481952,"חוק ההוצאה לפועל (תיקון מס` 29) (תיקון מס` 3), התשע""ג-2013",102,אישור החוק,2013-05-13T00:00:00,20:36,1,1,1,52,0,0,1,28,10,4,Unknown,,https://fs.knesset.gov.il//19/law/19_lsr_301557.pdf,855.0,"ועדת החוקה, חוק ומשפט"
18790,19,482542,6,480873,"חוק הרשויות המקומיות (בחירות) (הוראת שעה), התשע""ג-2013 ",102,אישור החוק,2013-05-20T00:00:00,17:57,1,1,1,79,0,0,1,29,6,4,Unknown,,https://fs.knesset.gov.il//19/law/19_lsr_301547.pdf,848.0,ועדת הפנים והגנת הסביבה
18794,19,482542,10,480895,חוק-יסוד: תקציב המדינה לשנים 2009 עד 2012 ולשנת 2013 (הוראות מיוחדות) (הוראת שעה) (תיקון מס` 3),102,אישור החוק,2013-05-20T00:00:00,22:35,1,1,1,51,38,0,1,29,10,4,Unknown,,https://fs.knesset.gov.il//19/law/19_lsr_301551.pdf,846.0,ועדת הכספים
18797,19,482542,11,480896,"חוק ההתייעלות הכלכלית (תיקוני חקיקה ליישום התכנית הכלכלית לשנים 2009 ו-2010) (תיקון מס` 12), התשע""ג-2013",102,אישור החוק,2013-05-20T00:00:00,22:37,1,1,1,51,37,0,1,29,13,4,Unknown,,https://fs.knesset.gov.il//19/law/19_lsr_301552.pdf,846.0,ועדת הכספים
18885,19,483959,6,474043,"חוק למניעת הסתננות (עבירות ושיפוט) (הוראת שעה), התשע""ג-2013",102,אישור החוק,2013-06-03T00:00:00,22:12,1,1,1,50,22,0,1,35,24,4,Unknown,,https://fs.knesset.gov.il//19/law/19_lsr_301504.pdf,848.0,ועדת הפנים והגנת הסביבה
18887,19,483959,7,474465,"חוק איסור הלבנת הון (הוראת שעה), התשע""ג-2013 ",102,אישור החוק,2013-06-03T00:00:00,22:14,1,1,1,49,23,0,1,35,26,4,Unknown,,https://fs.knesset.gov.il//19/law/19_lsr_301506.pdf,848.0,ועדת הפנים והגנת הסביבה
18945,19,484419,12,483219,"חוק הפחתת הגירעון והגבלת ההוצאה התקציבית (תיקון מס` 13), התשע""ג-2013",102,אישור החוק,2013-06-10T00:00:00,20:36,1,1,1,57,19,0,1,38,17,4,Unknown,,https://fs.knesset.gov.il//19/law/19_lsr_301563.pdf,846.0,ועדת הכספים
18948,19,484419,14,482334,"חוק יסודות התקציב (תיקון מס` 43 - הוראת שעה), התשע""ג-2013",102,אישור החוק,2013-06-10T00:00:00,21:46,1,1,1,44,0,0,1,38,20,4,Unknown,,https://fs.knesset.gov.il//19/law/19_lsr_301560.pdf,854.0,ועדת הכנסת
18962,19,484419,18,478316,"חוק הדיינים (תיקון מס` 26), התשע""ג-2013",102,אישור החוק,2013-06-11T00:00:00,04:15,1,1,1,33,12,0,1,38,34,4,Unknown,,https://fs.knesset.gov.il//19/law/19_lsr_301524.pdf,855.0,"ועדת החוקה, חוק ומשפט"
18991,19,484986,2,478076,"חוק חובת המכרזים (תיקון מס` 22 - הוראת שעה), התשע""ג-2013",102,אישור החוק,2013-06-18T00:00:00,16:39,1,1,1,20,0,0,1,42,3,4,Unknown,,https://fs.knesset.gov.il//19/law/19_lsr_301521.pdf,855.0,"ועדת החוקה, חוק ומשפט"
19037,19,485713,4,478187,"חוק מבקר המדינה (תיקון מס` 46), התשע""ג-2013",102,אישור החוק,2013-06-25T00:00:00,18:01,1,1,1,17,0,0,1,45,4,4,Unknown,,https://fs.knesset.gov.il//19/law/19_lsr_301523.pdf,855.0,"ועדת החוקה, חוק ומשפט"
19039,19,485713,5,478162,חוק-יסוד: נשיא המדינה (תיקון מס` 8),102,אישור החוק,2013-06-25T00:00:00,18:03,1,1,1,17,0,0,1,45,6,4,Unknown,,https://fs.knesset.gov.il//19/law/19_lsr_301522.pdf,855.0,"ועדת החוקה, חוק ומשפט"
19073,19,485904,8,475519,"חוק לעידוד השקעות הון (תיקון מס` 70), התשע""ג-2013",102,אישור החוק,2013-07-01T00:00:00,18:25,1,1,1,76,9,0,1,47,9,4,Unknown,,https://fs.knesset.gov.il//19/law/19_lsr_301512.pdf,846.0,ועדת הכספים
19082,19,485904,5,483960,"הצעת חוק להשתתפותם של העובדים, נושאי המשרה ובעלי תפקיד אחרים בשירות הציבורי, בצעדים לייצוב המצב הפיסקלי במדינה במהלך השנים 2013 ו-2014 (הוראת שעה), התשע""ג-2013- הצעה שפוצלה לנושא משכורתם של העובדים בשירות הציבורי ",102,אישור החוק,2013-07-01T00:00:00,20:05,1,1,1,73,6,0,1,47,18,4,Unknown,,https://fs.knesset.gov.il//19/law/19_lsr_301571.pdf,852.0,"ועדת העבודה, הרווחה והבריאות"
19124,19,486483,6,485620,"חוק קביעת הזמן (תיקון מס` 3), התשע""ג-2013",102,אישור החוק,2013-07-08T00:00:00,19:32,1,1,1,73,15,0,1,50,14,4,Unknown,,https://fs.knesset.gov.il//19/law/19_lsr_301579.pdf,848.0,ועדת הפנים והגנת הסביבה
19129,19,486483,8,483782,"חוק למניעת מפגעים (תיקון מס` 8), התשע""ג-2013",102,אישור החוק,2013-07-08T00:00:00,20:59,1,1,1,47,4,0,1,50,19,4,Unknown,,https://fs.knesset.gov.il//19/law/19_lsr_301569.pdf,848.0,ועדת הפנים והגנת הסביבה
19134,19,486483,9,472470,"חוק ההוצאה לפועל (תיקון מס` 42 והוראת שעה), התשע""ג-2013",102,אישור החוק,2013-07-08T00:00:00,21:14,1,1,1,30,0,0,1,50,24,4,Unknown,,https://fs.knesset.gov.il//19/law/19_lsr_301494.pdf,855.0,"ועדת החוקה, חוק ומשפט"
19143,19,486483,18,479410,"חוק לימוד חובה (תיקון מס` 32), התשע""ג-2013",102,אישור החוק,2013-07-08T00:00:00,22:35,1,1,1,27,4,0,1,50,33,4,Unknown,,https://fs.knesset.gov.il//19/law/19_lsr_301532.pdf,850.0,"ועדת החינוך, התרבות והספורט"
19149,19,486484,11,478953,"חוק הכנסת (תיקון מס` 34), התשע""ג-2013",102,אישור החוק,2013-07-09T00:00:00,17:22,1,1,1,16,0,0,1,51,3,4,Unknown,,https://fs.knesset.gov.il//19/law/19_lsr_301527.pdf,854.0,ועדת הכנסת
19185,19,487231,5,486238,"חוק להשתתפותם של העובדים, נושאי משרה ובעלי תפקיד אחרים בשירות הציבורי, בצעדים לייצוב המצב הפיסקלי במדינה במהלך השנים 2013 ו-2014 (הוראת שעה)(תיקון), התשע""ג-2013",102,אישור החוק,2013-07-15T00:00:00,12:20,1,1,1,52,0,0,1,53,4,4,Unknown,,https://fs.knesset.gov.il//19/law/19_lsr_301585.pdf,852.0,"ועדת העבודה, הרווחה והבריאות"
19232,19,487763,11,485723,"חוק משק החשמל (תיקון מס` 11), התשע""ג-2013",102,אישור החוק,2013-07-22T00:00:00,19:47,1,1,1,76,1,0,1,55,11,4,Unknown,,https://fs.knesset.gov.il//19/law/19_lsr_301581.pdf,858.0,ועדת הכלכלה
19237,19,487763,12,475515,"חוק גלי צה""ל - שידורי רדיו של צבא הגנה לישראל (שידורי חסות ותשדירי שירות) (הוראת שעה) (תיקון מס` 5), התשע""ג-2013",102,אישור החוק,2013-07-22T00:00:00,20:11,1,1,1,76,1,0,1,55,16,4,Unknown,,https://fs.knesset.gov.il//19/law/19_lsr_301511.pdf,858.0,ועדת הכלכלה
19431,19,488244,1,488310,"הצעת חוק לשינוי סדרי עדיפויות (תיקוני חקיקה להשגת יעדי התקציב לשנים 2013 ו-2014), התשע""ג-2013",102,אישור החוק,2013-07-29T00:00:00,22:19,1,1,1,56,41,0,1,58,172,4,Unknown,,,,
19511,19,488245,7,480291,"חוק חופשה שנתית (תיקון מס` 12), התשע""ג-2013",102,אישור החוק,2013-07-30T00:00:00,16:52,1,1,1,9,0,0,1,59,4,4,Unknown,,https://fs.knesset.gov.il//19/law/19_lsr_301540.pdf,852.0,"ועדת העבודה, הרווחה והבריאות"
19513,19,488245,8,479120,"חוק הביטוח הלאומי (תיקון מס` 144), התשע""ג-2013",102,אישור החוק,2013-07-30T00:00:00,16:56,1,1,1,12,0,0,1,59,6,4,Unknown,,https://fs.knesset.gov.il//19/law/19_lsr_301528.pdf,852.0,"ועדת העבודה, הרווחה והבריאות"
19515,19,488245,9,482198,"חוק הביטוח הלאומי (תיקון מס` 145 - הוראת שעה), התשע""ג-2013",102,אישור החוק,2013-07-30T00:00:00,17:02,1,1,1,11,0,0,1,59,8,4,Unknown,,https://fs.knesset.gov.il//19/law/19_lsr_301559.pdf,852.0,"ועדת העבודה, הרווחה והבריאות"
19522,19,488246,4,482554,"הצעת חוק תכנון משק החלב (תיקון), התשע""ג-2013",102,אישור החוק,2013-07-31T00:00:00,11:22,1,1,1,24,1,0,1,60,2,4,Unknown,,https://fs.knesset.gov.il//19/law/19_lsr_301562.pdf,858.0,ועדת הכלכלה
19524,19,488246,5,473965,"חוק להגנת הספרות והסופרים בישראל (הוראת שעה), התשע""ג-2013",102,אישור החוק,2013-07-31T00:00:00,11:43,1,1,1,45,3,0,1,60,4,4,Unknown,,https://fs.knesset.gov.il//19/law/19_lsr_301501.pdf,850.0,"ועדת החינוך, התרבות והספורט"
19526,19,488246,6,485724,"חוק הסיוע המשפטי (תיקון מס` 11), התשע""ג-2013",102,אישור החוק,2013-07-31T00:00:00,12:01,1,1,1,40,0,0,1,60,6,4,Unknown,,https://fs.knesset.gov.il//19/law/19_lsr_301582.pdf,855.0,"ועדת החוקה, חוק ומשפט"
19529,19,488246,7,483708,"חוק להגנה על עדים (תיקון מס` 6), התשע""ג-2013",102,אישור החוק,2013-07-31T00:00:00,12:13,1,1,1,41,0,0,1,60,9,4,Unknown,,https://fs.knesset.gov.il//19/law/19_lsr_301567.pdf,848.0,ועדת הפנים והגנת הסביבה
19531,19,488246,8,435017,"חוק לתיקון פקודת העיריות (מס` 133), התשע""ג-2013",102,אישור החוק,2013-07-31T00:00:00,12:18,1,1,1,41,0,0,1,60,11,4,Unknown,,https://fs.knesset.gov.il//19/law/19_lsr_301480.pdf,848.0,ועדת הפנים והגנת הסביבה
19533,19,488246,9,485722,"חוק שמירת הניקיון (הוראת שעה), התשע""ג-2013",102,אישור החוק,2013-07-31T00:00:00,12:24,1,1,1,44,0,0,1,60,13,4,Unknown,,https://fs.knesset.gov.il//19/law/19_lsr_301580.pdf,848.0,ועדת הפנים והגנת הסביבה
19536,19,488246,10,485725,"חוק לייעול האכיפה והפיקוח העירוניים ברשויות המקומיות (הוראת שעה) (תיקון), התשע""ג-2013",102,אישור החוק,2013-07-31T00:00:00,12:37,1,1,1,35,11,0,1,60,16,4,Unknown,,https://fs.knesset.gov.il//19/law/19_lsr_301583.pdf,848.0,ועדת הפנים והגנת הסביבה
19538,19,488246,11,486502,"חוק העסקת עובדים על ידי קבלני שירות בתחומי השמירה והניקיון בגופים ציבוריים, התשע""ג-2013",102,אישור החוק,2013-07-31T00:00:00,12:52,1,1,1,48,0,0,1,60,18,4,Unknown,,https://fs.knesset.gov.il//19/law/19_lsr_301588.pdf,852.0,"ועדת העבודה, הרווחה והבריאות"
19542,19,488246,14,479193,"חוק למניעת הטרדה מינית (תיקון מס` 8), התשע""ג-2013",102,אישור החוק,2013-07-31T00:00:00,13:08,1,1,1,36,0,0,1,60,22,4,Unknown,,https://fs.knesset.gov.il//19/law/19_lsr_301531.pdf,853.0,הוועדה לקידום מעמד האישה ולשוויון מגדרי
19548,19,488246,20,488626,הודעת יושב-ראש ועדת הכנסת,102,אישור החוק,2013-07-31T00:00:00,16:09,1,1,1,49,0,0,1,60,28,4,Unknown,,,,
19550,19,488246,50,486507,"חוק המאבק בתופעת השימוש בחומרים מסכנים, התשע""ג-2013",102,אישור החוק,2013-07-31T00:00:00,22:18,1,1,1,82,0,0,1,60,30,4,Unknown,,https://fs.knesset.gov.il//19/law/19_lsr_301589.pdf,852.0,"ועדת העבודה, הרווחה והבריאות"
19590,19,541124,4,477811,"חוק חופש המידע (תיקון מס` 9), התשע""ד-2013",102,אישור החוק,2013-10-15T00:00:00,16:53,1,1,1,21,0,0,1,63,3,4,Unknown,,https://fs.knesset.gov.il//19/law/19_lsr_301517.pdf,855.0,"ועדת החוקה, חוק ומשפט"
19592,19,541124,5,487094,"חוק הכנסת (מספר הסגנים ליושב ראש הכנסת בתקופת כהונתה של הכנסת התשע-עשרה), התשע""ד-2013",102,אישור החוק,2013-10-15T00:00:00,17:00,1,1,1,19,0,0,1,63,5,4,Unknown,,https://fs.knesset.gov.il//19/law/19_lsr_301591.pdf,854.0,ועדת הכנסת
19648,19,541664,5,419722,"חוק לתיקון פקודת הנישואין והגירושין (רישום) (מס` 2), התשע""ד-2013
",102,אישור החוק,2013-10-28T00:00:00,19:38,1,1,1,57,14,1,1,69,12,4,Unknown,,https://fs.knesset.gov.il//19/law/19_lsr_301396.pdf,855.0,"ועדת החוקה, חוק ומשפט"
19650,19,541664,6,488063,"חוק ניירות ערך (תיקון מס` 53), התשע""ד-2013",102,אישור החוק,2013-10-28T00:00:00,19:48,1,1,1,26,0,0,1,69,14,4,Unknown,,https://fs.knesset.gov.il//19/law/19_lsr_301594.pdf,857.0,ועדת המדע והטכנולוגיה
19652,19,541664,7,488274,"חוק התקנים (תיקון מס` 10), התשע""ד-2013 ",102,אישור החוק,2013-10-28T00:00:00,20:06,1,1,1,26,0,0,1,69,16,4,Unknown,,https://fs.knesset.gov.il//19/law/19_lsr_301598.pdf,858.0,ועדת הכלכלה
19675,19,541891,11,479138,חוק-יסוד: נשיא המדינה (תיקון מס` 9),102,אישור החוק,2013-10-29T00:00:00,19:33,1,1,1,9,0,0,1,70,10,4,Unknown,,https://fs.knesset.gov.il//19/law/19_lsr_301529.pdf,855.0,"ועדת החוקה, חוק ומשפט"
19677,19,541891,13,479147,"חוק מבקר המדינה (תיקון מס` 47), התשע""ד-2013",102,אישור החוק,2013-10-29T00:00:00,19:37,1,1,1,9,0,0,1,70,12,4,Unknown,,https://fs.knesset.gov.il//19/law/19_lsr_301530.pdf,855.0,"ועדת החוקה, חוק ומשפט"
19708,19,542071,9,485179,"חוק לתיקון פקודת מחלות בעלי חיים (מס` 6), התשע""ד-2013",102,אישור החוק,2013-11-04T00:00:00,18:14,1,1,1,54,0,0,1,72,6,4,Unknown,,https://fs.knesset.gov.il//19/law/19_lsr_301576.pdf,858.0,ועדת הכלכלה
19715,19,542071,10,366770,"הצעת חוק גיל הנישואין (תיקון מס` 6), התשע""ד-2013",102,אישור החוק,2013-11-04T00:00:00,19:32,1,1,1,55,11,0,1,72,13,4,Unknown,,https://fs.knesset.gov.il//19/law/19_lsr_301240.pdf,855.0,"ועדת החוקה, חוק ומשפט"
19750,19,542555,5,542180,"חוק ליישום הפרוטוקול בדבר זכויות יתר וחסינויות של הארגון האירופי למחקר גרעיני, התשע""ד-2013 ",102,אישור החוק,2013-11-11T00:00:00,18:46,1,1,1,56,0,0,1,75,6,4,Unknown,,https://fs.knesset.gov.il//19/law/19_lsr_301613.pdf,855.0,"ועדת החוקה, חוק ומשפט"
19752,19,542555,6,541243,"חוק סדר הדין הפלילי (תיקון מס` 62 - הוראת שעה) (תיקון), התשע""ד-2013",102,אישור החוק,2013-11-11T00:00:00,18:54,1,1,1,36,0,0,1,75,8,4,Unknown,,https://fs.knesset.gov.il//19/law/19_lsr_301608.pdf,855.0,"ועדת החוקה, חוק ומשפט"
19754,19,542555,7,541671,"חוק שירותי הדת היהודיים (תיקון מס` 19 והוראת שעה), התשע""ד-2013",102,אישור החוק,2013-11-11T00:00:00,18:58,1,1,1,37,2,0,1,75,10,4,Unknown,,https://fs.knesset.gov.il//19/law/19_lsr_301612.pdf,846.0,ועדת הכספים
19815,19,543331,7,540199,"חוק לתיקון פקודת העיריות (הוראת שעה) (תיקון מס` 2), התשע""ד-2013",102,אישור החוק,2013-11-25T00:00:00,18:36,1,1,1,45,17,0,1,82,7,4,Unknown,,https://fs.knesset.gov.il//19/law/19_lsr_301603.pdf,848.0,ועדת הפנים והגנת הסביבה
19817,19,543331,8,477833,"חוק המכר (דירות) (הבטחת השקעות של רוכשי דירות) (תיקון מס` 7), התשע""ד-2013",102,אישור החוק,2013-11-25T00:00:00,18:40,1,1,1,60,0,0,1,82,9,4,Unknown,,https://fs.knesset.gov.il//19/law/19_lsr_301520.pdf,846.0,ועדת הכספים
19835,19,543411,2,479514,"חוק למניעת הטרדה מינית (תיקון מס` 9), התשע""ד-2013",102,אישור החוק,2013-11-26T00:00:00,16:55,1,1,1,21,0,0,1,83,3,4,Unknown,,https://fs.knesset.gov.il//19/law/19_lsr_301533.pdf,853.0,הוועדה לקידום מעמד האישה ולשוויון מגדרי
19845,19,543656,12,543524,"חוק לתיקון פקודת העיריות (מס` 134), התשע""ד-2013 ",102,אישור החוק,2013-11-27T00:00:00,12:58,1,1,1,53,0,0,1,84,7,4,Unknown,,https://fs.knesset.gov.il//19/law/19_lsr_301621.pdf,848.0,ועדת הפנים והגנת הסביבה
19858,19,543724,5,486499,"חוק הנכים (תגמולים ושיקום) (תיקון מס` 27), התשע""ד-2013",102,אישור החוק,2013-12-02T00:00:00,15:02,1,1,1,35,1,0,1,85,6,4,Unknown,,https://fs.knesset.gov.il//19/law/19_lsr_301586.pdf,852.0,"ועדת העבודה, הרווחה והבריאות"
19860,19,543724,6,541244,"חוק הנכים (תגמולים ושיקום) (תיקון מס` 28), התשע""ד-2013",102,אישור החוק,2013-12-02T00:00:00,15:07,1,1,1,33,0,0,1,85,8,4,Unknown,,https://fs.knesset.gov.il//19/law/19_lsr_301609.pdf,852.0,"ועדת העבודה, הרווחה והבריאות"
19862,19,543724,7,481970,"חוק שירותי רווחה (מענק הסתגלות לנשים ששהו במקלט לנשים מוכות) (תיקון), התשע""ד-2013",102,אישור החוק,2013-12-02T00:00:00,15:15,1,1,1,32,0,0,1,85,10,4,Unknown,,https://fs.knesset.gov.il//19/law/19_lsr_301558.pdf,852.0,"ועדת העבודה, הרווחה והבריאות"
19864,19,543724,8,479950,"חוק עבודת נשים (תיקון מס` 50), התשע""ד-2013",102,אישור החוק,2013-12-02T00:00:00,15:23,1,1,1,31,0,0,1,85,12,4,Unknown,,https://fs.knesset.gov.il//19/law/19_lsr_301537.pdf,852.0,"ועדת העבודה, הרווחה והבריאות"
19866,19,543724,9,477133,"חוק דמי מחלה (היעדרות בשל מחלת ילד) (תיקון מס` 10), התשע""ד-2013",102,אישור החוק,2013-12-02T00:00:00,15:32,1,1,1,33,0,0,1,85,14,4,Unknown,,https://fs.knesset.gov.il//19/law/19_lsr_301515.pdf,852.0,"ועדת העבודה, הרווחה והבריאות"
19913,19,544215,1,473244,"חוק לקידום התחרות ולצמצום הריכוזיות, התשע""ד-2013",102,אישור החוק,2013-12-09T00:00:00,21:11,1,1,1,72,0,1,1,88,22,4,Unknown,,https://fs.knesset.gov.il//19/law/19_lsr_301496.pdf,846.0,ועדת הכספים
20017,19,544908,15,543665,"חוק הרשויות המקומיות (השעיית ראש רשות מקומית בשל הגשת כתב אישום) (תיקוני חקיקה), התשע""ד-2013",102,אישור החוק,2013-12-18T00:00:00,14:57,1,1,1,49,0,0,1,93,13,4,Unknown,,https://fs.knesset.gov.il//19/law/19_lsr_301622.pdf,848.0,ועדת הפנים והגנת הסביבה
20033,19,545038,6,543165,"חוק הביטוח הלאומי (תיקון מס` 149), התשע""ד-2013",102,אישור החוק,2013-12-23T00:00:00,18:22,1,1,1,69,0,0,1,94,7,4,Unknown,,https://fs.knesset.gov.il//19/law/19_lsr_301618.pdf,852.0,"ועדת העבודה, הרווחה והבריאות"
20035,19,545038,7,471533,"חוק משפחות חיילים שנספו במערכה (תגמולים ושיקום) (תיקון מס` 35), התשע""ד-2013",102,אישור החוק,2013-12-23T00:00:00,18:30,1,1,1,47,0,1,1,94,9,4,Unknown,,https://fs.knesset.gov.il//19/law/19_lsr_301489.pdf,852.0,"ועדת העבודה, הרווחה והבריאות"
20037,19,545038,8,543162,"חוק שירות המדינה (גמלאות) (תיקון מס` 54), התשע""ד-2013",102,אישור החוק,2013-12-23T00:00:00,18:38,1,1,1,42,0,0,1,94,11,4,Unknown,,https://fs.knesset.gov.il//19/law/19_lsr_301617.pdf,852.0,"ועדת העבודה, הרווחה והבריאות"
20039,19,545038,9,488326,"חוק לתיקון פקודת מס הכנסה (מס` 198), התשע""ד-2013",102,אישור החוק,2013-12-23T00:00:00,18:42,1,1,1,39,0,0,1,94,13,4,Unknown,,https://fs.knesset.gov.il//19/law/19_lsr_301599.pdf,846.0,ועדת הכספים
20041,19,545038,10,431689,"חוק החברות (תיקון מס` 23), התשע""ד-2013",102,אישור החוק,2013-12-23T00:00:00,18:51,1,1,1,23,1,1,1,94,15,4,Unknown,,https://fs.knesset.gov.il//19/law/19_lsr_301450.pdf,855.0,"ועדת החוקה, חוק ומשפט"
20048,19,545038,11,485424,"חוק התכנון והבנייה (תיקון מס` 100), התשע""ד-2013 ",102,אישור החוק,2013-12-23T00:00:00,22:45,1,1,1,40,25,0,1,94,22,4,Unknown,,https://fs.knesset.gov.il//19/law/19_lsr_301578.pdf,848.0,ועדת הפנים והגנת הסביבה
20065,19,545038,12,541054,"חוק הליכי תכנון ובנייה להאצת הבנייה למגורים (הוראת שעה) (תיקון), התשע""ד-2013",102,אישור החוק,2013-12-23T00:00:00,22:57,1,1,1,40,25,0,1,94,39,4,Unknown,,https://fs.knesset.gov.il//19/law/19_lsr_301606.pdf,848.0,ועדת הפנים והגנת הסביבה
20091,19,545071,7,480415,"חוק השאלת ספרי לימוד (תיקון מס` 7), התשע""ד-2013",102,אישור החוק,2013-12-24T00:00:00,17:30,1,1,1,20,0,0,1,95,13,4,Unknown,,https://fs.knesset.gov.il//19/law/19_lsr_301542.pdf,850.0,"ועדת החינוך, התרבות והספורט"
20093,19,545071,8,328281,"חוק צער בעלי חיים (הגנה על בעלי חיים) (תיקון מס` 9), התשע""ד-2013",102,אישור החוק,2013-12-24T00:00:00,17:36,1,1,1,21,0,0,1,95,15,4,Unknown,,https://fs.knesset.gov.il//19/law/19_lsr_301098.pdf,850.0,"ועדת החינוך, התרבות והספורט"
20126,19,545636,5,544055,"חוק משק החשמל (תיקון מס` 12), התשע""ד-2013",102,אישור החוק,2013-12-30T00:00:00,18:09,1,1,1,81,0,0,1,97,6,4,Unknown,,https://fs.knesset.gov.il//19/law/19_lsr_301950.pdf,858.0,ועדת הכלכלה
20128,19,545636,6,480694,"חוק לתיקון פקודת המסים (גבייה) (הוראת שעה), התשע""ד-2013",102,אישור החוק,2013-12-30T00:00:00,18:12,1,1,1,64,0,0,1,97,8,4,Unknown,,https://fs.knesset.gov.il//19/law/19_lsr_301544.pdf,852.0,"ועדת העבודה, הרווחה והבריאות"
20130,19,545636,7,480298,"חוק לתיקון פקודת המלט (מס` 2), התשע""ד-2013",102,אישור החוק,2013-12-30T00:00:00,18:17,1,1,1,56,0,0,1,97,10,4,Unknown,,https://fs.knesset.gov.il//19/law/19_lsr_301541.pdf,852.0,"ועדת העבודה, הרווחה והבריאות"
20132,19,545636,8,541003,"חוק הפיקוח על שירותים פיננסיים (קופות גמל) (הוראת שעה), התשע""ד-2013",102,אישור החוק,2013-12-30T00:00:00,18:22,1,1,1,43,0,0,1,97,12,4,Unknown,,https://fs.knesset.gov.il//19/law/19_lsr_301605.pdf,852.0,"ועדת העבודה, הרווחה והבריאות"
20140,19,545636,9,543163,"חוק לתיקון פקודת מס הכנסה (מס` 199), התשע""ד-2013",102,אישור החוק,2013-12-30T00:00:00,19:16,1,1,1,63,0,0,1,97,20,4,Unknown,,https://fs.knesset.gov.il//19/law/19_lsr_301949.pdf,846.0,ועדת הכספים
20145,19,545636,10,545044,"חוק לשינוי סדרי עדיפויות לאומיים (תיקוני חקיקה להשגת יעדי התקציב לשנים 2013 ו-2014) (תיקון),התשע""ד-2013",102,אישור החוק,2013-12-30T00:00:00,21:48,1,1,1,36,18,0,1,97,25,4,Unknown,,https://fs.knesset.gov.il//19/law/19_lsr_301624.pdf,846.0,ועדת הכספים
20150,19,545636,11,545045,"חוק התקציב לשנות הכספים 2013 ו-2014 (תיקון), התשע""ד-2013",102,אישור החוק,2013-12-30T00:00:00,21:53,1,1,1,35,18,0,1,97,30,4,Unknown,,https://fs.knesset.gov.il//19/law/19_lsr_301948.pdf,846.0,ועדת הכספים
20180,19,546070,6,542531,"חוק הקולנוע (הוראת שעה) (תיקון מס` 2), התשע""ד-2014",102,אישור החוק,2014-01-06T00:00:00,18:07,1,1,1,45,0,2,1,100,6,4,Unknown,,https://fs.knesset.gov.il//19/law/19_lsr_301614.pdf,850.0,"ועדת החינוך, התרבות והספורט"
20182,19,546070,7,480428,"חוק הגנת הצרכן (תיקון מס` 36), התשע""ד-2014",102,אישור החוק,2014-01-06T00:00:00,18:18,1,1,1,41,0,0,1,100,8,4,Unknown,,https://fs.knesset.gov.il//19/law/19_lsr_301543.pdf,858.0,ועדת הכלכלה
20184,19,546070,8,478929,"חוק למניעת הטרדה מינית (תיקון מס` 10), התשע""ד-2014",102,אישור החוק,2014-01-06T00:00:00,18:29,1,1,1,31,0,0,1,100,10,4,Unknown,,https://fs.knesset.gov.il//19/law/19_lsr_301526.pdf,853.0,הוועדה לקידום מעמד האישה ולשוויון מגדרי
20249,19,547012,7,546273,"חוק לצמצום הגירעון ולשינוי נטל המס (תיקוני חקיקה) (תיקון), התשע""ד-2014 ",102,אישור החוק,2014-01-20T00:00:00,20:23,1,1,1,28,8,0,1,105,4,4,Unknown,,https://fs.knesset.gov.il//19/law/19_lsr_301628.pdf,846.0,ועדת הכספים
20251,19,547012,8,543272,"חוק להקלות בשוק ההון ולעידוד הפעילות בו (תיקוני חקיקה), התשע""ד-2014",102,אישור החוק,2014-01-20T00:00:00,20:30,1,1,1,29,0,0,1,105,6,4,Unknown,,https://fs.knesset.gov.il//19/law/19_lsr_301619.pdf,846.0,ועדת הכספים
20253,19,547012,9,435009,"חוק הפטנטים (תיקון מס` 11), התשע""ד-2014",102,אישור החוק,2014-01-20T00:00:00,20:36,1,1,1,29,0,0,1,105,8,4,Unknown,,https://fs.knesset.gov.il//19/law/19_lsr_301475.pdf,855.0,"ועדת החוקה, חוק ומשפט"
20255,19,547012,10,482417,"חוק בתי המשפט (תיקון מס` 74), התשע""ד-2014",102,אישור החוק,2014-01-20T00:00:00,20:41,1,1,1,25,0,0,1,105,10,4,Unknown,,https://fs.knesset.gov.il//19/law/19_lsr_301561.pdf,855.0,"ועדת החוקה, חוק ומשפט"
20316,19,547918,6,486501,"חוק תשלום קצבאות לחיילי מילואים ולבני משפחותיהם (תיקון מס` 6), התשע""ד-2014",102,אישור החוק,2014-02-03T00:00:00,18:15,1,1,1,32,0,0,1,110,6,4,Unknown,,https://fs.knesset.gov.il//19/law/19_lsr_301587.pdf,847.0,ועדת החוץ והביטחון
20318,19,547918,7,488221,"חוק להסדרת תוצרת אורגנית (תיקון מס` 2), התשע""ד-2014",102,אישור החוק,2014-02-03T00:00:00,18:22,1,1,1,32,0,0,1,110,8,4,Unknown,,https://fs.knesset.gov.il//19/law/19_lsr_301597.pdf,858.0,ועדת הכלכלה
20320,19,547918,8,488603,"חוק התקשורת (בזק ושידורים) (תיקון מס` 58),  התשע""ד-2014",102,אישור החוק,2014-02-03T00:00:00,18:30,1,1,1,30,0,0,1,110,10,4,Unknown,,https://fs.knesset.gov.il//19/law/19_lsr_301602.pdf,858.0,ועדת הכלכלה
20322,19,547918,9,481606,"חוק הבחירות לכנסת (תיקון מס` 61), התשע""ד-2014",102,אישור החוק,2014-02-03T00:00:00,18:40,1,1,1,33,12,1,1,110,12,4,Unknown,,https://fs.knesset.gov.il//19/law/19_lsr_301555.pdf,855.0,"ועדת החוקה, חוק ומשפט"
20324,19,547918,10,540972,"חוק חסינות חברי הכנסת, זכויותיהם וחובותיהם (תיקון מס` 38), התשע""ד-2014",102,אישור החוק,2014-02-03T00:00:00,18:45,1,1,1,32,0,0,1,110,14,4,Unknown,,https://fs.knesset.gov.il//19/law/19_lsr_301604.pdf,854.0,ועדת הכנסת
20370,19,548360,5,548251,"חוק מס ערך מוסף (תיקון מס` 44), התשע""ד-2014",102,אישור החוק,2014-02-10T00:00:00,18:07,1,1,1,38,22,0,1,113,6,4,Unknown,,https://fs.knesset.gov.il//19/law/19_lsr_301632.pdf,846.0,ועדת הכספים
20372,19,548360,6,543160,"חוק הטבות לניצולי שואה (תיקון מס` 4), התשע""ד-2014",102,אישור החוק,2014-02-10T00:00:00,18:13,1,1,1,63,0,0,1,113,8,4,Unknown,,https://fs.knesset.gov.il//19/law/19_lsr_301616.pdf,852.0,"ועדת העבודה, הרווחה והבריאות"
20374,19,548360,7,541526,"חוק הביטוח הלאומי (תיקון מס` 150), התשע""ד-2014",102,אישור החוק,2014-02-10T00:00:00,18:17,1,1,1,58,0,0,1,113,10,4,Unknown,,https://fs.knesset.gov.il//19/law/19_lsr_301610.pdf,852.0,"ועדת העבודה, הרווחה והבריאות"
20376,19,548360,8,541527,"חוק הביטוח הלאומי (תיקון מס` 151), התשע""ד-2014",102,אישור החוק,2014-02-10T00:00:00,18:28,1,1,1,58,0,0,1,113,12,4,Unknown,,https://fs.knesset.gov.il//19/law/19_lsr_301611.pdf,852.0,"ועדת העבודה, הרווחה והבריאות"
20378,19,548360,9,545596,"חוק הרבנות הראשית לישראל (תיקון מס` 4), התשע""ד-2014",102,אישור החוק,2014-02-10T00:00:00,18:38,1,1,1,31,3,0,1,113,14,4,Unknown,,https://fs.knesset.gov.il//19/law/19_lsr_301625.pdf,848.0,ועדת הפנים והגנת הסביבה
20380,19,548360,10,400951,"חוק לתיקון פקודת העיריות (מס` 135), התשע""ד-2014",102,אישור החוק,2014-02-10T00:00:00,18:46,1,1,1,46,0,0,1,113,16,4,Unknown,,https://fs.knesset.gov.il//19/law/19_lsr_301289.pdf,848.0,ועדת הפנים והגנת הסביבה
20382,19,548360,11,542777,"חוק התקשורת (בזק ושידורים) (תיקון מס` 59 והוראת שעה), התשע""ד-2014",102,אישור החוק,2014-02-10T00:00:00,18:59,1,1,1,33,0,1,1,113,18,4,Unknown,,https://fs.knesset.gov.il//19/law/19_lsr_301615.pdf,858.0,ועדת הכלכלה
20384,19,548360,12,481432,"חוק דמי מחלה (היעדרות בשל מחלת הורה) (תיקון מס` 3), התשע""ד-2014",102,אישור החוק,2014-02-10T00:00:00,19:02,1,1,1,42,0,0,1,113,20,4,Unknown,,https://fs.knesset.gov.il//19/law/19_lsr_301554.pdf,852.0,"ועדת העבודה, הרווחה והבריאות"
20386,19,548360,13,477767,"חוק קליטת חיילים משוחררים (תיקון מס` 15), התשע""ד-2014",102,אישור החוק,2014-02-10T00:00:00,19:07,1,1,1,32,0,1,1,113,22,4,Unknown,,https://fs.knesset.gov.il//19/law/19_lsr_301516.pdf,852.0,"ועדת העבודה, הרווחה והבריאות"
20388,19,548360,14,481677,"חוק הנוער (טיפול והשגחה) (תיקון מס` 22), התשע""ד-2014",102,אישור החוק,2014-02-10T00:00:00,19:14,1,1,1,35,0,0,1,113,24,4,Unknown,,https://fs.knesset.gov.il//19/law/19_lsr_301556.pdf,852.0,"ועדת העבודה, הרווחה והבריאות"
20437,19,548908,7,546965,"חוק מעמד ותיקי מלחמת העולם השנייה (תיקון מס` 2), התשע""ד-2014",102,אישור החוק,2014-02-17T00:00:00,18:49,1,1,1,29,0,0,1,116,8,4,Unknown,,https://fs.knesset.gov.il//19/law/19_lsr_301629.pdf,856.0,"ועדת העלייה, הקליטה והתפוצות"
20439,19,548908,8,548616,"חוק פיקוח אלקטרוני על משוחררים בערובה ומשוחררים על תנאי ממאסר (הוראת שעה) (תיקון מס` 4), התשע""ד-2014 ",102,אישור החוק,2014-02-17T00:00:00,18:54,1,1,1,24,0,0,1,116,10,4,Unknown,,https://fs.knesset.gov.il//19/law/19_lsr_301635.pdf,857.0,ועדת המדע והטכנולוגיה
20441,19,548908,9,545751,"חוק הרשויות המקומיות (מימון בחירות) (תיקון מס` 11), התשע""ד-2014",102,אישור החוק,2014-02-17T00:00:00,19:00,1,1,1,30,0,0,1,116,12,4,Unknown,,https://fs.knesset.gov.il//19/law/19_lsr_301626.pdf,848.0,ועדת הפנים והגנת הסביבה
20481,19,549262,4,473967,"חוק הפיקוח על מזון לבעלי חיים, התשע""ד-2014",102,אישור החוק,2014-02-24T00:00:00,18:09,1,1,1,32,0,0,1,119,5,4,Unknown,,https://fs.knesset.gov.il//19/law/19_lsr_301502.pdf,852.0,"ועדת העבודה, הרווחה והבריאות"
20483,19,549262,5,429944,"חוק בתי המשפט (תיקון מס` 75), התשע""ד-2014",102,אישור החוק,2014-02-24T00:00:00,18:14,1,1,1,26,0,0,1,119,7,4,Unknown,,https://fs.knesset.gov.il//19/law/19_lsr_301441.pdf,855.0,"ועדת החוקה, חוק ומשפט"
20485,19,549262,6,546193,"חוק הסניגוריה הציבורית (תיקון מס` 19), התשע""ד-2014",102,אישור החוק,2014-02-24T00:00:00,18:25,1,1,1,27,0,0,1,119,9,4,Unknown,,https://fs.knesset.gov.il//19/law/19_lsr_301627.pdf,855.0,"ועדת החוקה, חוק ומשפט"
20487,19,549262,7,548615,"חוק לימוד חובה (תיקון מס` 16) (תיקון מס` 9), התשע""ד-2014",102,אישור החוק,2014-02-24T00:00:00,18:36,1,1,1,24,12,0,1,119,11,4,Unknown,,https://fs.knesset.gov.il//19/law/19_lsr_301634.pdf,850.0,"ועדת החינוך, התרבות והספורט"
20491,19,549262,8,483359,"חוק שוויון ההזדמנויות בעבודה (תיקון מס` 19), התשע""ד-2014

",102,אישור החוק,2014-02-24T00:00:00,18:57,1,1,1,31,6,0,1,119,15,4,Unknown,,https://fs.knesset.gov.il//19/law/19_lsr_301564.pdf,852.0,"ועדת העבודה, הרווחה והבריאות"
20493,19,549262,9,485743,"חוק עבודת נשים (תיקון מס` 51), התשע""ד-2014",102,אישור החוק,2014-02-24T00:00:00,19:06,1,1,1,37,0,0,1,119,17,4,Unknown,,https://fs.knesset.gov.il//19/law/19_lsr_301584.pdf,852.0,"ועדת העבודה, הרווחה והבריאות"
20543,19,549717,6,477813,"הצעת חוק המכר (דירות) (תיקון מס` 6), התשע""ד-2014",102,אישור החוק,2014-03-03T00:00:00,17:28,1,1,1,20,0,0,1,122,2,4,Unknown,,https://fs.knesset.gov.il//19/law/19_lsr_301518.pdf,858.0,ועדת הכלכלה
20545,19,549717,7,479567,"הצעת חוק המכר (דירות) (תיקון מס` 7) התשע""ד-2014",102,אישור החוק,2014-03-03T00:00:00,17:40,1,1,1,30,0,0,1,122,4,4,Unknown,,https://fs.knesset.gov.il//19/law/19_lsr_301534.pdf,858.0,ועדת הכלכלה
20547,19,549717,8,412757,"הצעת חוק הבנקאות (שירות ללקוח) (תיקון מס` 19),  התשע""ד-2014",102,אישור החוק,2014-03-03T00:00:00,17:54,1,1,1,28,0,0,1,122,6,4,Unknown,,https://fs.knesset.gov.il//19/law/19_lsr_301363.pdf,858.0,ועדת הכלכלה
20549,19,549717,9,549023,"חוק תאגידי מים וביוב (תיקון מס` 7), התשע""ד-2014",102,אישור החוק,2014-03-03T00:00:00,18:13,1,1,1,23,0,0,1,122,8,4,Unknown,,https://fs.knesset.gov.il//19/law/19_lsr_301637.pdf,848.0,ועדת הפנים והגנת הסביבה
20551,19,549717,10,478629,"הצעת חוק סמכויות לשם שמירה על ביטחון הציבור (תיקון מס` 3), התשע""ד-2014",102,אישור החוק,2014-03-03T00:00:00,18:21,1,1,1,23,0,0,1,122,10,4,Unknown,,https://fs.knesset.gov.il//19/law/19_lsr_301525.pdf,848.0,ועדת הפנים והגנת הסביבה
20565,19,549724,5,550022,"הצעת חוק שכר שווה לעובדת ולעובד (תיקון מס` 3) התשע""ד-2014",102,אישור החוק,2014-03-04T00:00:00,18:53,1,1,1,19,0,0,1,123,5,4,Unknown,,https://fs.knesset.gov.il//19/law/19_lsr_301639.pdf,853.0,הוועדה לקידום מעמד האישה ולשוויון מגדרי
20567,19,549724,6,548059,"הצעת חוק הרשויות המקומיות (מימון בחירות) (הוראת שעה), התשע""ד-2014",102,אישור החוק,2014-03-04T00:00:00,18:58,1,1,1,17,0,0,1,123,7,4,Unknown,,https://fs.knesset.gov.il//19/law/19_lsr_301631.pdf,848.0,ועדת הפנים והגנת הסביבה
20592,19,550189,2,487130,"חוק שירות ביטחון (תיקון מס` 19), התשע""ד-2014",102,אישור החוק,2014-03-12T00:00:00,10:49,1,1,1,63,1,0,1,126,2,4,Unknown,,https://fs.knesset.gov.il//19/law/19_lsr_301592.pdf,876.0,הוועדה המיוחדת לדיון בהצעת החוק בעניין השוויון בנטל ולהסדרת מעמדם של תלמידי הישיבות
20597,19,550189,3,487131,"חוק שירות לאומי-אזרחי, התשע""ד-2014",102,אישור החוק,2014-03-12T00:00:00,10:54,1,1,1,67,1,0,1,126,7,4,Unknown,,https://fs.knesset.gov.il//19/law/19_lsr_301593.pdf,876.0,הוועדה המיוחדת לדיון בהצעת החוק בעניין השוויון בנטל ולהסדרת מעמדם של תלמידי הישיבות
20619,19,550458,13,479859,"חוק זכויות התלמיד (תיקון מס` 4), התשע""ד-2014",102,אישור החוק,2014-03-18T00:00:00,18:16,1,1,1,25,2,0,1,128,15,4,Unknown,,https://fs.knesset.gov.il//19/law/19_lsr_301535.pdf,850.0,"ועדת החינוך, התרבות והספורט"
20621,19,550458,14,483784,"חוק לתיקון פקודת התעבורה (מס` 109), התשע""ד-2014",102,אישור החוק,2014-03-18T00:00:00,18:27,1,1,1,27,0,0,1,128,17,4,Unknown,,https://fs.knesset.gov.il//19/law/19_lsr_301570.pdf,858.0,ועדת הכלכלה
20623,19,550458,15,342277,"חוק הגנת הצרכן (תיקון מס` 37), התשע""ד-2014",102,אישור החוק,2014-03-18T00:00:00,18:43,1,1,1,32,0,0,1,128,19,4,Unknown,,https://fs.knesset.gov.il//19/law/19_lsr_301951.pdf,858.0,ועדת הכלכלה
20625,19,550458,16,477815,"חוק חוזה הביטוח (תיקון מס` 6), התשע""ד-2014",102,אישור החוק,2014-03-18T00:00:00,18:50,1,1,1,20,0,0,1,128,21,4,Unknown,,https://fs.knesset.gov.il//19/law/19_lsr_301519.pdf,855.0,"ועדת החוקה, חוק ומשפט"
20627,19,550458,17,483390,"חוק לתיקון פקודת פשיטת הרגל (מס` 8), התשע""ד-2014",102,אישור החוק,2014-03-18T00:00:00,18:55,1,1,1,24,0,0,1,128,23,4,Unknown,,https://fs.knesset.gov.il//19/law/19_lsr_301565.pdf,855.0,"ועדת החוקה, חוק ומשפט"
20631,19,550458,18,484126,"חוק העונשין (תיקון מס` 117), התשע""ד-2014",102,אישור החוק,2014-03-18T00:00:00,19:15,1,1,1,24,12,0,1,128,27,4,Unknown,,https://fs.knesset.gov.il//19/law/19_lsr_301572.pdf,855.0,"ועדת החוקה, חוק ומשפט"
20661,19,550458,19,488357,"הצעת חוק התכנון והבנייה (תיקון מס` 101), התשע""ד-2014",102,אישור החוק,2014-03-18T00:00:00,23:10,1,1,1,39,21,0,1,128,57,4,Unknown,,https://fs.knesset.gov.il//19/law/19_lsr_301600.pdf,848.0,ועדת הפנים והגנת הסביבה
20665,19,550459,5,541056,"חוק להסדר ההימורים בספורט (תיקון מס` 7 - הוראת שעה), התשע""ד-2014",102,אישור החוק,2014-03-19T00:00:00,15:13,1,1,1,19,0,0,1,129,3,4,Unknown,,https://fs.knesset.gov.il//19/law/19_lsr_301607.pdf,850.0,"ועדת החינוך, התרבות והספורט"
20667,19,550459,6,487037,"חוק להסדרת פעילות חברות דירוג האשראי, התשע""ד-2014",102,אישור החוק,2014-03-19T00:00:00,15:29,1,1,1,19,2,0,1,129,5,4,Unknown,,https://fs.knesset.gov.il//19/law/19_lsr_301590.pdf,858.0,ועדת הכלכלה
20669,19,550459,10,547934,"חוק נכסים של נספי השואה (השבה ליורשים והקדשה למטרות סיוע והנצחה) (תיקון מס` 3), התשע""ד-2014",102,אישור החוק,2014-03-19T00:00:00,15:52,1,1,1,27,0,0,1,129,7,4,Unknown,,https://fs.knesset.gov.il//19/law/19_lsr_301630.pdf,855.0,"ועדת החוקה, חוק ומשפט"
20672,19,550459,12,549471,"חוק לתיקון פקודת העיריות (מס` 136), התשע""ד-2014 ",102,אישור החוק,2014-03-19T00:00:00,16:01,1,1,1,21,0,0,1,129,10,4,Unknown,,https://fs.knesset.gov.il//19/law/19_lsr_301638.pdf,848.0,ועדת הפנים והגנת הסביבה
20674,19,550459,13,483704,"חוק לתיקון פקודת בתי הסוהר (מס` 47), התשע""ד-2014",102,אישור החוק,2014-03-19T00:00:00,16:19,1,1,1,32,6,0,1,129,12,4,Unknown,,https://fs.knesset.gov.il//19/law/19_lsr_301566.pdf,848.0,ועדת הפנים והגנת הסביבה
20679,19,550459,30,544500,"חוק התאמת יצירות, ביצועים ושידורים לאנשים עם מוגבלות (תיקוני חקיקה), התשע""ד-2014",102,אישור החוק,2014-03-19T00:00:00,17:50,1,1,1,32,0,0,1,129,17,4,Unknown,,https://fs.knesset.gov.il//19/law/19_lsr_301623.pdf,858.0,ועדת הכלכלה
20681,19,550459,22,485360,"חוק ההגבלים העסקיים (תיקון מס` 14), התשע""ד-2014",102,אישור החוק,2014-03-19T00:00:00,18:08,1,1,1,32,0,0,1,129,19,4,Unknown,,https://fs.knesset.gov.il//19/law/19_lsr_301577.pdf,858.0,ועדת הכלכלה
20683,19,550459,29,548683,"חוק ההגבלים העסקיים (תיקון מס` 15), התשע""ד-2014",102,אישור החוק,2014-03-19T00:00:00,18:18,1,1,1,24,0,0,1,129,21,4,Unknown,,https://fs.knesset.gov.il//19/law/19_lsr_301636.pdf,858.0,ועדת הכלכלה
20696,19,550459,7,548614,"חוק הפחתת הגירעון והגבלת ההוצאה התקציבית (תיקון מס` 14), התשע""ד-2014 ",102,אישור החוק,2014-03-19T00:00:00,20:11,1,1,1,31,23,0,1,129,34,4,Unknown,,https://fs.knesset.gov.il//19/law/19_lsr_315020.pdf,846.0,ועדת הכספים
20701,19,550459,28,543666,"חוק הכניסה לישראל (תיקון מס` 25), התשע""ד-2014",102,אישור החוק,2014-03-19T00:00:00,20:33,1,1,1,24,6,1,1,129,39,4,Unknown,,https://fs.knesset.gov.il//19/law/19_lsr_301952.pdf,848.0,ועדת הפנים והגנת הסביבה
20709,19,550459,23,484925,"הצעת חוק קידום התחרות בענף המזון, התשע""ד-2014 ",102,אישור החוק,2014-03-19T00:00:00,21:33,1,1,1,37,0,0,1,129,47,4,Unknown,,https://fs.knesset.gov.il//19/law/19_lsr_301575.pdf,884.0,הוועדה המשותפת לוועדת הכלכלה ולוועדת הכספים לעניין קידום התחרות בענף המזון
20762,19,552069,5,540974,חוק-יסוד: הכנסת (תיקון מס` 41),102,אישור החוק,2014-05-19T00:00:00,18:13,1,1,1,80,0,0,1,135,6,4,Unknown,,https://fs.knesset.gov.il//19/law/19_lsr_303800.PDF,854.0,ועדת הכנסת
20764,19,552069,19,548348,"חוק הכנסת (תיקון מס` 36), התשע""ד-2014",102,אישור החוק,2014-05-19T00:00:00,18:14,1,1,1,70,0,0,1,135,8,4,Unknown,,https://fs.knesset.gov.il//19/law/19_lsr_303801.PDF,854.0,ועדת הכנסת
20769,19,552069,7,550617,"חוק ההוצאה לפועל (תיקון מס` 43), התשע""ד-2014 ",102,אישור החוק,2014-05-19T00:00:00,19:13,1,1,1,51,0,0,1,135,13,4,Unknown,,https://fs.knesset.gov.il//19/law/19_lsr_303799.PDF,855.0,"ועדת החוקה, חוק ומשפט"
20771,19,552069,8,477838,"חוק משפחות חד-הוריות (תיקון מס` 4), התשע""ד-2014",102,אישור החוק,2014-05-19T00:00:00,19:24,1,1,1,25,7,1,1,135,15,4,Unknown,,https://fs.knesset.gov.il//19/law/19_lsr_303802.PDF,853.0,הוועדה לקידום מעמד האישה ולשוויון מגדרי
20815,19,552515,5,549322,"חוק מיסוי מקרקעין (שבח ורכישה) (תיקון מס` 78), התשע""ד-2014",102,אישור החוק,2014-05-26T00:00:00,18:16,1,1,1,42,4,1,1,138,6,4,Unknown,,https://fs.knesset.gov.il//19/law/19_lsr_303803.PDF,846.0,ועדת הכספים
20867,19,553101,6,486505,"חוק עזרה משפטית בין מדינות (תיקון מס` 10), התשע""ד-2014",102,אישור החוק,2014-06-09T00:00:00,18:08,1,1,1,53,0,0,1,142,6,4,Unknown,,https://fs.knesset.gov.il//19/law/19_lsr_303810.pdf,855.0,"ועדת החוקה, חוק ומשפט"
20869,19,553101,7,543271,"חוק הנוער (שפיטה, ענישה ודרכי טיפול) (תיקון מס` 17), התשע""ד-2014",102,אישור החוק,2014-06-09T00:00:00,18:19,1,1,1,39,0,0,1,142,8,4,Unknown,,https://fs.knesset.gov.il//19/law/19_lsr_306569.pdf,855.0,"ועדת החוקה, חוק ומשפט"
20871,19,553101,8,479893,"חוק מגבלות על חזרתו של עבריין מין לסביבת נפגע העבירה (תיקון מס` 3), התשע""ד-2014",102,אישור החוק,2014-06-09T00:00:00,18:24,1,1,1,31,0,0,1,142,10,4,Unknown,,https://fs.knesset.gov.il//19/law/19_lsr_303809.pdf,855.0,"ועדת החוקה, חוק ומשפט"
20873,19,553101,9,545715,"חוק לתיקון פקודת המלט (מס` 2) (תיקון), התשע""ד-2014",102,אישור החוק,2014-06-09T00:00:00,18:31,1,1,1,33,0,0,1,142,12,4,Unknown,,https://fs.knesset.gov.il//19/law/19_lsr_303807.pdf,852.0,"ועדת העבודה, הרווחה והבריאות"
20875,19,553101,10,542377,"חוק זכויות החולה (תיקון מס` 6), התשע""ד-2014",102,אישור החוק,2014-06-09T00:00:00,18:37,1,1,1,40,0,0,1,142,14,4,Unknown,,https://fs.knesset.gov.il//19/law/19_lsr_303806.pdf,852.0,"ועדת העבודה, הרווחה והבריאות"
20877,19,553101,11,542141,"חוק חופשה שנתית (תיקון מס` 13), התשע""ד-2014",102,אישור החוק,2014-06-09T00:00:00,18:43,1,1,1,29,0,0,1,142,16,4,Unknown,,https://fs.knesset.gov.il//19/law/19_lsr_303808.pdf,852.0,"ועדת העבודה, הרווחה והבריאות"
20886,19,553101,14,552928,"חוק נכי רדיפות הנאצים (תיקון מס` 19), התשע""ד-2014",102,אישור החוק,2014-06-09T00:00:00,20:14,1,1,1,50,0,0,1,142,25,4,Unknown,,https://fs.knesset.gov.il//19/law/19_lsr_303805.PDF,856.0,"ועדת העלייה, הקליטה והתפוצות"
20905,19,553101,15,552239,"חוק הטבות לניצולי שואה (תיקון מס` 5), התשע""ד-2014",102,אישור החוק,2014-06-09T00:00:00,21:09,1,1,1,48,0,0,1,142,44,4,Unknown,,https://fs.knesset.gov.il//19/law/19_lsr_303804.PDF,852.0,"ועדת העבודה, הרווחה והבריאות"
20979,19,554099,4,483393,"חוק הרשויות המקומיות (מימון בחירות) (תיקון מס` 12), התשע""ד-2014",102,אישור החוק,2014-06-23T00:00:00,19:09,1,1,1,56,14,0,1,148,18,4,Unknown,,https://fs.knesset.gov.il//19/law/19_lsr_303813.pdf,853.0,הוועדה לקידום מעמד האישה ולשוויון מגדרי
20981,19,554099,5,549320,"חוק לתיקון פקודת בריאות העם (מס` 27), התשע""ד-2014",102,אישור החוק,2014-06-23T00:00:00,19:19,1,1,1,36,0,0,1,148,20,4,Unknown,,https://fs.knesset.gov.il//19/law/19_lsr_306570.pdf,848.0,ועדת הפנים והגנת הסביבה
20988,19,554099,6,547673,"חוק הרשויות המקומיות (בחירות) (תיקון מס` 44), התשע""ד-2014",102,אישור החוק,2014-06-23T00:00:00,19:40,1,1,1,40,0,0,1,148,27,4,Unknown,,https://fs.knesset.gov.il//19/law/19_lsr_303814.pdf,848.0,ועדת הפנים והגנת הסביבה
20990,19,554099,7,480379,"הצעת חוק יום לציון היציאה והגירוש של היהודים מארצות ערב ומאיראן, התשע""ד-2014",102,אישור החוק,2014-06-23T00:00:00,19:50,1,1,1,29,0,0,1,148,29,4,Unknown,,https://fs.knesset.gov.il//19/law/19_lsr_303812.pdf,850.0,"ועדת החינוך, התרבות והספורט"
20993,19,554099,9,485180,"חוק סדר הדין הפלילי (תיקון מס` 68), התשע""ד-2014",102,אישור החוק,2014-06-23T00:00:00,21:10,1,1,1,30,0,0,1,148,32,4,Unknown,,https://fs.knesset.gov.il//19/law/19_lsr_303811.pdf,855.0,"ועדת החוקה, חוק ומשפט"
20999,19,554124,13,482120,"חוק למניעת אלימות במשפחה (תיקון מס` 15), התשע""ד-2014",102,אישור החוק,2014-06-24T00:00:00,18:41,1,1,1,11,0,0,1,149,3,4,Unknown,,https://fs.knesset.gov.il//19/law/19_lsr_306571.pdf,855.0,"ועדת החוקה, חוק ומשפט"
21052,19,554979,5,542769,"חוק בתי המשפט (תיקון מס` 76), התשע""ד-2014",102,אישור החוק,2014-07-07T00:00:00,18:02,1,1,1,62,0,0,1,154,6,4,Unknown,,https://fs.knesset.gov.il//19/law/19_lsr_303817.PDF,855.0,"ועדת החוקה, חוק ומשפט"
21054,19,554979,6,485421,"חוק להעמקת גביית המסים והגברת האכיפה (תיקוני חקיקה), התשע""ד-2014",102,אישור החוק,2014-07-07T00:00:00,18:09,1,1,1,45,9,0,1,154,8,4,Unknown,,https://fs.knesset.gov.il//19/law/19_lsr_303815.PDF,855.0,"ועדת החוקה, חוק ומשפט"
21056,19,554979,7,471891,"חוק הפיקוח על מצרכים ושירותים (תיקון מס` 22), התשע""ד-2014",102,אישור החוק,2014-07-07T00:00:00,18:13,1,1,1,41,0,0,1,154,10,4,Unknown,,https://fs.knesset.gov.il//19/law/19_lsr_303818.PDF,847.0,ועדת החוץ והביטחון
21058,19,554979,8,480264,"חוק למניעת העישון במקומות ציבוריים והחשיפה לעישון (תיקון מס` 4), התשע""ד-2014",102,אישור החוק,2014-07-07T00:00:00,18:19,1,1,1,39,0,0,1,154,12,4,Unknown,,https://fs.knesset.gov.il//19/law/19_lsr_303819.PDF,852.0,"ועדת העבודה, הרווחה והבריאות"
21060,19,554979,9,479400,"חוק להחלפת המונח מעביד (תיקוני חקיקה), התשע""ד-2014",102,אישור החוק,2014-07-07T00:00:00,18:26,1,1,1,40,0,0,1,154,14,4,Unknown,,https://fs.knesset.gov.il//19/law/19_lsr_306572.pdf,852.0,"ועדת העבודה, הרווחה והבריאות"
21062,19,554979,10,541865,"חוק איסור הפליה מחמת גיל (תיקוני חקיקה), התשע""ד-2014",102,אישור החוק,2014-07-07T00:00:00,18:35,1,1,1,35,0,0,1,154,16,4,Unknown,,https://fs.knesset.gov.il//19/law/19_lsr_303816.PDF,852.0,"ועדת העבודה, הרווחה והבריאות"
21064,19,554979,11,480922,"חוק הביטוח הלאומי (תיקון מס` 155), התשע""ד-2014",102,אישור החוק,2014-07-07T00:00:00,18:45,1,1,1,35,0,0,1,154,18,4,Unknown,,https://fs.knesset.gov.il//19/law/19_lsr_303820.pdf,852.0,"ועדת העבודה, הרווחה והבריאות"
21066,19,554979,12,543093,"חוק הביטוח הלאומי (תיקון מס` 156), התשע""ד-2014",102,אישור החוק,2014-07-07T00:00:00,18:56,1,1,1,37,0,1,1,154,20,4,Unknown,,https://fs.knesset.gov.il//19/law/19_lsr_303821.pdf,852.0,"ועדת העבודה, הרווחה והבריאות"
21070,19,554979,13,546950,"חוק הביטוח הלאומי (תיקון מס` 157), התשע""ד-2014",102,אישור החוק,2014-07-07T00:00:00,19:16,1,1,1,34,10,1,1,154,24,4,Unknown,,https://fs.knesset.gov.il//19/law/19_lsr_303822.pdf,852.0,"ועדת העבודה, הרווחה והבריאות"
21121,19,555497,4,423201," חוק הגנת הצרכן (תיקון מס` 39), התשע""ד-2014",102,אישור החוק,2014-07-14T00:00:00,17:43,1,1,1,18,0,0,1,157,6,4,Unknown,,https://fs.knesset.gov.il//19/law/19_lsr_303824.PDF,858.0,ועדת הכלכלה
21123,19,555497,5,548662,"חוק הסדרים במשק המדינה (תיקוני חקיקה) (תיקון מס` 14), התשע""ד-2014",102,אישור החוק,2014-07-14T00:00:00,17:55,1,1,1,19,0,0,1,157,8,4,Unknown,,https://fs.knesset.gov.il//19/law/19_lsr_303825.PDF,858.0,ועדת הכלכלה
21126,19,555497,7,481584,"חוק קרן לאזרחי ישראל, התשע""ד-2014",102,אישור החוק,2014-07-14T00:00:00,19:00,1,1,1,19,0,0,1,157,11,4,Unknown,,https://fs.knesset.gov.il//19/law/19_lsr_303823.PDF,857.0,ועדת המדע והטכנולוגיה
21153,19,555910,1,541748,"חוק השקעות משותפות בנאמנות (תיקון מס` 23), התשע""ד-2014 ",102,אישור החוק,2014-07-21T00:00:00,16:10,1,1,1,13,0,0,1,160,2,4,Unknown,,https://fs.knesset.gov.il//19/law/19_lsr_303828.PDF,846.0,ועדת הכספים
21155,19,555910,2,554259,"חוק לתיקון פקודת מס הכנסה (מס` 202), התשע""ד-2014",102,אישור החוק,2014-07-21T00:00:00,16:13,1,1,1,14,0,0,1,160,4,4,Unknown,,https://fs.knesset.gov.il//19/law/19_lsr_303830.PDF,846.0,ועדת הכספים
21157,19,555910,3,554262,"חוק לתיקון פקודת מס הכנסה (מס` 203), התשע""ד-2014",102,אישור החוק,2014-07-21T00:00:00,16:15,1,1,1,19,0,0,1,160,6,4,Unknown,,https://fs.knesset.gov.il//19/law/19_lsr_303831.PDF,846.0,ועדת הכספים
21160,19,555910,5,540325,"חוק לתיקון פקודת התעבורה (מס` 110), התשע""ד-2014 ",102,אישור החוק,2014-07-21T00:00:00,16:28,1,1,1,21,0,0,1,160,9,4,Unknown,,https://fs.knesset.gov.il//19/law/19_lsr_303827.PDF,848.0,ועדת הפנים והגנת הסביבה
21162,19,555910,6,542016,"חוק חסינות חברי הכנסת, זכויותיהם וחובותיהם (תיקון מס` 39), התשע""ד-2014",102,אישור החוק,2014-07-21T00:00:00,16:36,1,1,1,18,0,0,1,160,11,4,Unknown,,https://fs.knesset.gov.il//19/law/19_lsr_303829.PDF,854.0,ועדת הכנסת
21182,19,555959,19,484317,"חוק כלי היריה (תיקון מס` 17), התשע""ד-2014",102,אישור החוק,2014-07-22T00:00:00,21:40,1,1,1,6,0,0,1,161,14,4,Unknown,,https://fs.knesset.gov.il//19/law/19_lsr_303826.PDF,848.0,ועדת הפנים והגנת הסביבה
21206,19,556363,1,474079,"חוק לפיקוח על איכות המזון ולתזונה נכונה במוסדות חינוך, התשע""ד-2014",102,אישור החוק,2014-07-28T00:00:00,16:09,1,1,1,16,0,0,1,164,2,4,Unknown,,https://fs.knesset.gov.il//19/law/19_lsr_303855.PDF,850.0,"ועדת החינוך, התרבות והספורט"
21208,19,556363,2,549058,"חוק הגבלת השימוש ורישום פעולות בחלקי רכב משומשים (מניעת גניבות) (תיקון מס` 5), התשע""ד-2014",102,אישור החוק,2014-07-28T00:00:00,16:17,1,1,1,27,0,0,1,164,4,4,Unknown,,https://fs.knesset.gov.il//19/law/19_lsr_303840.PDF,858.0,ועדת הכלכלה
21210,19,556363,3,555506,"חוק שוויון זכויות לאנשים עם מוגבלות (תיקון מס` 13), התשע""ד-2014",102,אישור החוק,2014-07-28T00:00:00,16:20,1,1,1,25,0,0,1,164,6,4,Unknown,,https://fs.knesset.gov.il//19/law/19_lsr_303837.PDF,852.0,"ועדת העבודה, הרווחה והבריאות"
21212,19,556363,5,426304,"חוק לחלוקת חיסכון פנסיוני בין בני זוג שנפרדו, התשע""ד-2014",102,אישור החוק,2014-07-28T00:00:00,17:00,1,1,1,43,0,0,1,164,8,4,Unknown,,https://fs.knesset.gov.il//19/law/19_lsr_303844.PDF,852.0,"ועדת העבודה, הרווחה והבריאות"
21214,19,556363,6,545376,"חוק הרשות הארצית לכבאות והצלה (תיקון מס` 2), התשע""ד-2014",102,אישור החוק,2014-07-28T00:00:00,17:04,1,1,1,36,0,0,1,164,10,4,Unknown,,https://fs.knesset.gov.il//19/law/19_lsr_303839.PDF,848.0,ועדת הפנים והגנת הסביבה
21216,19,556363,7,544014,"חוק בתי המשפט (תיקון מס` 77), התשע""ד-2014",102,אישור החוק,2014-07-28T00:00:00,17:08,1,1,1,30,0,0,1,164,12,4,Unknown,,https://fs.knesset.gov.il//19/law/19_lsr_303838.PDF,855.0,"ועדת החוקה, חוק ומשפט"
21218,19,556363,8,486954,"חוק למניעת הטרדה מינית (תיקון מס` 12), התשע""ד-2014
",102,אישור החוק,2014-07-28T00:00:00,17:16,1,1,1,29,1,0,1,164,14,4,Unknown,,https://fs.knesset.gov.il//19/law/19_lsr_303835.PDF,909.0,הוועדה המשותפת לוועדה למעמד האישה ולוועדת העבודה לדיון בהצעת החוק למניעת הטרדה מינית
21220,19,556363,10,546688,"הצעת חוק למניעת הטרדה מינית (תיקון מס` 13), התשע""ד-2014",102,אישור החוק,2014-07-28T00:00:00,17:26,1,1,1,23,0,0,1,164,16,4,Unknown,,https://fs.knesset.gov.il//19/law/19_lsr_303836.PDF,853.0,הוועדה לקידום מעמד האישה ולשוויון מגדרי
21222,19,556363,11,547111,"חוק תשלומים לחיילים בשירות סדיר (הגנה על תשלומים), התשע""ד-2014",102,אישור החוק,2014-07-28T00:00:00,17:33,1,1,1,27,0,0,1,164,18,4,Unknown,,https://fs.knesset.gov.il//19/law/19_lsr_303833.PDF,852.0,"ועדת העבודה, הרווחה והבריאות"
21224,19,556363,12,477879,"חוק הביטוח הלאומי (תיקון מס` 159), התשע""ד-2014",102,אישור החוק,2014-07-28T00:00:00,17:43,1,1,1,32,0,0,1,164,20,4,Unknown,,https://fs.knesset.gov.il//19/law/19_lsr_303834.PDF,852.0,"ועדת העבודה, הרווחה והבריאות"
21226,19,556363,13,554491,"חוק שירות הביטחון הכללי (תיקון מס` 2), התשע""ד-2014",102,אישור החוק,2014-07-28T00:00:00,17:48,1,1,1,26,0,1,1,164,22,4,Unknown,,https://fs.knesset.gov.il//19/law/19_lsr_303841.PDF,854.0,ועדת הכנסת
21228,19,556363,14,553655,"חוק שכר שווה לעובדת ולעובד (תיקון מס` 5), התשע""ד-2014",102,אישור החוק,2014-07-28T00:00:00,17:57,1,1,1,32,0,0,1,164,24,4,Unknown,,https://fs.knesset.gov.il//19/law/19_lsr_303832.PDF,852.0,"ועדת העבודה, הרווחה והבריאות"
21230,19,556363,16,550047,"חוק זכויות תלמידים עם לקות למידה במוסדות על-תיכוניים (תיקון), התשע""ד-2014",102,אישור החוק,2014-07-28T00:00:00,18:38,1,1,1,32,0,0,1,164,26,4,Unknown,,https://fs.knesset.gov.il//19/law/19_lsr_303856.PDF,850.0,"ועדת החינוך, התרבות והספורט"
21235,19,556363,17,554829,"חוק התכנון והבנייה (תיקון מס` 102), התשע""ד-2014",102,אישור החוק,2014-07-28T00:00:00,19:01,1,1,1,40,11,0,1,164,31,4,Unknown,,https://fs.knesset.gov.il//19/law/19_lsr_303842.PDF,848.0,ועדת הפנים והגנת הסביבה
21294,19,556364,2,552728,"חוק השידור הציבורי, התשע""ד-2014",102,אישור החוק,2014-07-29T00:00:00,20:13,1,1,1,45,11,1,1,165,44,4,Unknown,,https://fs.knesset.gov.il//19/law/19_lsr_303857.PDF,911.0,הוועדה המיוחדת לדיון בהצעת חוק השידור הציבורי
21315,19,556364,3,548287,"חוק לקידום הבנייה במתחמים מועדפים לדיור (הוראת שעה), התשע""ד-2014",102,אישור החוק,2014-07-29T00:00:00,20:51,1,1,1,34,23,1,1,165,65,4,Unknown,,https://fs.knesset.gov.il//19/law/19_lsr_303854.PDF,848.0,ועדת הפנים והגנת הסביבה
21320,19,556364,4,554111,"חוק הממשלה (תיקון מס` 9), התשע""ד-2014",102,אישור החוק,2014-07-29T00:00:00,21:33,1,1,1,35,8,1,1,165,70,4,Unknown,,https://fs.knesset.gov.il//19/law/19_lsr_303845.PDF,847.0,ועדת החוץ והביטחון
21322,19,556364,5,420246,"חוק סמכויות לשם שמירה על ביטחון הציבור (תיקון מס` 4), התשע""ד-2014",102,אישור החוק,2014-07-29T00:00:00,21:47,1,1,1,18,10,0,1,165,72,4,Unknown,,https://fs.knesset.gov.il//19/law/19_lsr_303849.PDF,848.0,ועדת הפנים והגנת הסביבה
21324,19,556364,6,543596,"חוק החברות (תיקון מס` 25), התשע""ד-2014",102,אישור החוק,2014-07-29T00:00:00,21:57,1,1,1,26,0,0,1,165,74,4,Unknown,,https://fs.knesset.gov.il//19/law/19_lsr_303843.PDF,855.0,"ועדת החוקה, חוק ומשפט"
21327,19,556364,7,550769,"חוק להעמקת גביית המסים והגברת האכיפה (תיקוני חקיקה) (מס` 2), התשע""ד-2014",102,אישור החוק,2014-07-29T00:00:00,22:02,1,1,1,26,1,2,1,165,77,4,Unknown,,https://fs.knesset.gov.il//19/law/19_lsr_303848.PDF,855.0,"ועדת החוקה, חוק ומשפט"
21329,19,556364,8,483813,הצעת חוק-יסוד: הממשלה (תיקון מס` 3),102,אישור החוק,2014-07-29T00:00:00,22:08,1,1,1,27,0,1,1,165,79,4,Unknown,,,855.0,"ועדת החוקה, חוק ומשפט"
21331,19,556364,9,479835,"חוק הגנת הצרכן (תיקון מס` 40), התשע""ד-2014",102,אישור החוק,2014-07-29T00:00:00,22:15,1,1,1,30,0,0,1,165,81,4,Unknown,,https://fs.knesset.gov.il//19/law/19_lsr_303846.PDF,858.0,ועדת הכלכלה
21333,19,556364,10,479836,"חוק הגנת הצרכן (תיקון מס` 41), התשע""ד-2014",102,אישור החוק,2014-07-29T00:00:00,22:21,1,1,1,29,0,0,1,165,83,4,Unknown,,https://fs.knesset.gov.il//19/law/19_lsr_303847.PDF,858.0,ועדת הכלכלה
21344,19,556367,3,477799,"חוק המכר (דירות) (תיקון מס` 8), התשע""ד-2014",102,אישור החוק,2014-07-30T00:00:00,11:22,1,1,1,18,0,0,1,166,4,4,Unknown,,https://fs.knesset.gov.il//19/law/19_lsr_303853.PDF,858.0,ועדת הכלכלה
21346,19,556367,4,479183,"חוק לתיקון פקודת התעבורה (מס` 111), התשע""ד-2014",102,אישור החוק,2014-07-30T00:00:00,11:33,1,1,1,27,0,0,1,166,6,4,Unknown,,https://fs.knesset.gov.il//19/law/19_lsr_303851.PDF,858.0,ועדת הכלכלה
21354,19,556367,9,543284,"חוק השמות (תיקון מס` 6), התשע""ד-2014",102,אישור החוק,2014-07-30T00:00:00,13:29,1,1,1,20,1,0,1,166,14,4,Unknown,,https://fs.knesset.gov.il//19/law/19_lsr_303852.PDF,848.0,ועדת הפנים והגנת הסביבה
21359,19,556367,13,435018,"חוק איסור הלבנת הון (תיקון מס` 13), התשע""ד-2014",102,אישור החוק,2014-07-30T00:00:00,14:54,1,1,1,21,1,0,1,166,19,4,Unknown,,https://fs.knesset.gov.il//19/law/19_lsr_303850.PDF,855.0,"ועדת החוקה, חוק ומשפט"
21426,19,558515,6,485423,"חוק לתיקון פקודת מסילות הברזל (מס` 8), התשע""ה-2014",102,אישור החוק,2014-11-03T00:00:00,19:32,1,1,1,34,0,0,1,171,6,4,Unknown,,https://fs.knesset.gov.il//19/law/19_lsr_306573.pdf,858.0,ועדת הכלכלה
21428,19,558515,7,471892,"חוק השיפוט הצבאי (תיקון מס` 66), התשע""ה-2014",102,אישור החוק,2014-11-03T00:00:00,19:38,1,1,1,30,0,0,1,171,8,4,Unknown,,https://fs.knesset.gov.il//19/law/19_lsr_306575.pdf,847.0,ועדת החוץ והביטחון
21430,19,558515,8,423208,"חוק שירות ביטחון (תיקון מס` 20), התשע""ה-2014",102,אישור החוק,2014-11-03T00:00:00,19:43,1,1,1,33,0,0,1,171,10,4,Unknown,,https://fs.knesset.gov.il//19/law/19_lsr_306574.pdf,847.0,ועדת החוץ והביטחון
21432,19,558515,9,433461,"חוק בתי קברות צבאיים (תיקון מס` 4), התשע""ה-2014",102,אישור החוק,2014-11-03T00:00:00,19:49,1,1,1,35,0,2,1,171,12,4,Unknown,,https://fs.knesset.gov.il//19/law/19_lsr_306576.pdf,847.0,ועדת החוץ והביטחון
21435,19,558515,11,545878,"חוק שחרור על-תנאי ממאסר (תיקון מס` 14), התשע""ה-2014",102,אישור החוק,2014-11-03T00:00:00,20:46,1,1,1,35,15,0,1,171,15,4,Unknown,,https://fs.knesset.gov.il//19/law/19_lsr_306577.pdf,855.0,"ועדת החוקה, חוק ומשפט"
21449,19,558515,20,477832,"חוק שירותי הדת היהודיים (תיקון מס` 20), התשע""ד-2014",102,אישור החוק,2014-11-03T00:00:00,23:33,1,1,1,29,3,0,1,171,29,4,Unknown,,https://fs.knesset.gov.il//19/law/19_lsr_306578.pdf,848.0,ועדת הפנים והגנת הסביבה
21454,19,558520,3,483243,"חוק חופש המידע (תיקון מס` 10), התשע""ה-2014",102,אישור החוק,2014-11-04T00:00:00,16:54,1,1,1,19,0,0,1,172,3,4,Unknown,,https://fs.knesset.gov.il//19/law/19_lsr_306579.pdf,855.0,"ועדת החוקה, חוק ומשפט"
21532,19,559571,7,556587,"הצעת חוק ההגבלים העסקים (תיקון מס` 16), התשע""ה-2014",102,אישור החוק,2014-11-17T00:00:00,18:45,1,1,1,42,0,0,1,178,8,4,Unknown,,https://fs.knesset.gov.il//19/law/19_lsr_306584.pdf,858.0,ועדת הכלכלה
21534,19,559571,8,558324,"חוק סדר הדין הפלילי (תיקון מס` 62 - הוראת שעה) (תיקון מס` 2), התשע""ה-2014",102,אישור החוק,2014-11-17T00:00:00,18:50,1,1,1,36,0,0,1,178,10,4,Unknown,,https://fs.knesset.gov.il//19/law/19_lsr_306580.pdf,855.0,"ועדת החוקה, חוק ומשפט"
21536,19,559571,9,548661,"חוק העונשין (תיקון מס` 118), התשע""ה-2014",102,אישור החוק,2014-11-17T00:00:00,18:54,1,1,1,34,0,0,1,178,12,4,Unknown,,https://fs.knesset.gov.il//19/law/19_lsr_306581.pdf,855.0,"ועדת החוקה, חוק ומשפט"
21538,19,559571,10,552094,"חוק הסיוע המשפטי (תיקון מס` 12), התשע""ה-2014",102,אישור החוק,2014-11-17T00:00:00,18:58,1,1,1,37,0,0,1,178,14,4,Unknown,,https://fs.knesset.gov.il//19/law/19_lsr_306582.pdf,855.0,"ועדת החוקה, חוק ומשפט"
21543,19,559571,11,558574,"חוק מס ערך מוסף (תיקון מס` 47), התשע""ה-2014",102,אישור החוק,2014-11-17T00:00:00,19:16,1,1,1,45,0,0,1,178,19,4,Unknown,,https://fs.knesset.gov.il//19/law/19_lsr_306583.pdf,846.0,ועדת הכספים
21547,19,559571,12,550060,"חוק לתיקון פקודת היערות (מס` 6), התשע""ה-2014",102,אישור החוק,2014-11-17T00:00:00,19:39,1,1,1,36,13,0,1,178,23,4,Unknown,,https://fs.knesset.gov.il//19/law/19_lsr_306588.pdf,848.0,ועדת הפנים והגנת הסביבה
21553,19,559571,17,541949,"חוק המועצה להשכלה גבוהה (תיקון מס` 18), התשע""ה-2014",102,אישור החוק,2014-11-17T00:00:00,20:40,1,1,1,33,8,2,1,178,29,4,Unknown,,https://fs.knesset.gov.il//19/law/19_lsr_306587.pdf,846.0,ועדת הכספים
21559,19,559572,3,540314,"חוק החברות (תיקון מס` 26), התשע""ה-2014",102,אישור החוק,2014-11-18T00:00:00,16:40,1,1,1,21,0,0,1,179,4,4,Unknown,,https://fs.knesset.gov.il//19/law/19_lsr_306586.pdf,855.0,"ועדת החוקה, חוק ומשפט"
21562,19,559572,7,544239,"חוק מבקר המדינה (תיקון מס` 48), התשע""ה-2014",102,אישור החוק,2014-11-18T00:00:00,17:34,1,1,1,12,0,0,1,179,7,4,Unknown,,https://fs.knesset.gov.il//19/law/19_lsr_306585.pdf,849.0,הוועדה לענייני ביקורת המדינה
21604,19,560028,6,558575,"חוק מס ערך מוסף (תיקון מס` 48), התשע""ה-2014",102,אישור החוק,2014-11-24T00:00:00,19:15,1,1,1,51,0,0,1,181,7,4,Unknown,,https://fs.knesset.gov.il//19/law/19_lsr_306590.pdf,846.0,ועדת הכספים
21606,19,560028,7,556197,"חוק הרשויות המקומיות (בחירת ראש הרשות וסגניו וכהונתם) (תיקון מס` 31), התשע""ה-2014",102,אישור החוק,2014-11-24T00:00:00,19:30,1,1,1,27,2,5,1,181,9,4,Unknown,,https://fs.knesset.gov.il//19/law/19_lsr_306591.pdf,848.0,ועדת הפנים והגנת הסביבה
21608,19,560028,8,548358,"חוק משק הגז הטבעי (תיקון מס` 6), התשע""ה-2014",102,אישור החוק,2014-11-24T00:00:00,19:43,1,1,1,39,6,0,1,181,11,4,Unknown,,https://fs.knesset.gov.il//19/law/19_lsr_306589.pdf,858.0,ועדת הכלכלה
21647,19,560524,9,485721,"חוק השיפוט הצבאי (תיקון מס` 67), התשע""ה-2014",102,אישור החוק,2014-12-01T00:00:00,21:25,1,1,1,46,0,0,1,184,8,4,Unknown,,https://fs.knesset.gov.il//19/law/19_lsr_306596.pdf,847.0,ועדת החוץ והביטחון
21649,19,560524,10,548041,"חוק פיצויים לנפגעי תאונות דרכים (תיקון מס` 24), התשע""ה-2014",102,אישור החוק,2014-12-01T00:00:00,21:36,1,1,1,40,0,0,1,184,10,4,Unknown,,https://fs.knesset.gov.il//19/law/19_lsr_306592.pdf,858.0,ועדת הכלכלה
21654,19,560524,13,548870,"חוק שוויון ההזדמנויות בעבודה (תיקון מס` 22), התשע""ה-2014",102,אישור החוק,2014-12-01T00:00:00,22:07,1,1,1,26,7,0,1,184,15,4,Unknown,,https://fs.knesset.gov.il//19/law/19_lsr_306594.pdf,852.0,"ועדת העבודה, הרווחה והבריאות"
21657,19,560524,15,547784,"חוק הפסיכולוגים (תיקון מס` 7), התשע""ה-2014",102,אישור החוק,2014-12-01T00:00:00,22:25,1,1,1,30,0,0,1,184,18,4,Unknown,,https://fs.knesset.gov.il//19/law/19_lsr_306593.pdf,852.0,"ועדת העבודה, הרווחה והבריאות"
21659,19,560524,16,545553,"חוק הקולנוע (תיקון מס` 4), התשע""ה-2014",102,אישור החוק,2014-12-01T00:00:00,22:30,1,1,1,24,0,2,1,184,20,4,Unknown,,https://fs.knesset.gov.il//19/law/19_lsr_306597.pdf,850.0,"ועדת החינוך, התרבות והספורט"
21667,19,560525,5,481485,"חוק לתיקון פקודת מסי העירייה ומסי הממשלה (פטורין) (מס` 24), התשע""ה-2014",102,אישור החוק,2014-12-02T00:00:00,17:42,1,1,1,7,0,0,1,185,5,4,Unknown,,https://fs.knesset.gov.il//19/law/19_lsr_306595.pdf,846.0,ועדת הכספים
21716,19,560950,8,560724,"חוק למניעת הסתננות ולהבטחת יציאתם של מסתננים מישראל (תיקוני חקיקה והוראות שעה), התשע""ה-2014 ",102,אישור החוק,2014-12-08T00:00:00,21:03,1,1,1,47,23,3,1,187,15,4,Unknown,,https://fs.knesset.gov.il//19/law/19_lsr_306608.pdf,848.0,ועדת הפנים והגנת הסביבה
21718,19,560950,6,559857,"חוק מימון מפלגות (תיקון מס` 33 והוראת שעה), התשע""ה-2014",102,אישור החוק,2014-12-08T00:00:00,21:11,1,1,1,79,0,0,1,187,17,4,Unknown,,https://fs.knesset.gov.il//19/law/19_lsr_306599.pdf,854.0,ועדת הכנסת
21720,19,560950,9,477119,"חוק התפזרות הכנסת התשע-עשרה, התשע""ה-2014",102,אישור החוק,2014-12-08T00:00:00,21:58,1,1,1,93,0,0,1,187,19,4,Unknown,,https://fs.knesset.gov.il//19/law/19_lsr_306598.pdf,854.0,ועדת הכנסת
21725,19,560950,13,544230,"חוק סדר הדין הפלילי (תיקון מס` 69), התשע""ה-2014",102,אישור החוק,2014-12-08T00:00:00,22:18,1,1,1,14,0,0,1,187,24,4,Unknown,,https://fs.knesset.gov.il//19/law/19_lsr_306613.pdf,855.0,"ועדת החוקה, חוק ומשפט"
21727,19,560950,14,547931,"חוק פיקוח אלקטרוני על עצור ועל אסיר משוחרר על-תנאי (תיקוני חקיקה), התשע""ה-2014",102,אישור החוק,2014-12-08T00:00:00,22:32,1,1,1,13,0,0,1,187,26,4,Unknown,,https://fs.knesset.gov.il//19/law/19_lsr_306603.pdf,916.0,"הוועדה המשותפת לוועדת המדע ולוועדת החוקה, חוק ומשפט לדיון בהצעת חוק פיקוח אלקטרוני על עצור ועל אסיר משוחרר על תנאי"
21729,19,560950,15,472928,"חוק הפיקוח על שירותים פיננסיים (תיקוני חקיקה), התשע""ה-2014",102,אישור החוק,2014-12-08T00:00:00,22:40,1,1,1,12,0,0,1,187,28,4,Unknown,,https://fs.knesset.gov.il//19/law/19_lsr_306600.pdf,846.0,ועדת הכספים
21731,19,560950,16,558581,"חוק מס ערך מוסף (תיקון מס` 50), התשע""ה-2014",102,אישור החוק,2014-12-08T00:00:00,22:44,1,1,1,12,0,0,1,187,30,4,Unknown,,https://fs.knesset.gov.il//19/law/19_lsr_306607.pdf,846.0,ועדת הכספים
21733,19,560950,17,543838,"חוק הגנת הצרכן (תיקון מס` 42), התשע""ה-2014",102,אישור החוק,2014-12-08T00:00:00,22:49,1,1,1,15,0,0,1,187,32,4,Unknown,,https://fs.knesset.gov.il//19/law/19_lsr_306602.pdf,858.0,ועדת הכלכלה
21735,19,560950,18,558236,"חוק תאגידי מים וביוב (תיקון מס` 8), התשע""ה-2014",102,אישור החוק,2014-12-08T00:00:00,22:57,1,1,1,13,0,0,1,187,34,4,Unknown,,https://fs.knesset.gov.il//19/law/19_lsr_306618.pdf,848.0,ועדת הפנים והגנת הסביבה
21737,19,560950,19,550969,"חוק הביטוח הלאומי (תיקון מס` 160), התשע""ה-2014",102,אישור החוק,2014-12-08T00:00:00,23:02,1,1,1,16,0,0,1,187,36,4,Unknown,,https://fs.knesset.gov.il//19/law/19_lsr_306620.pdf,852.0,"ועדת העבודה, הרווחה והבריאות"
21739,19,560950,20,547123,"חוק הודעה לעובד (תנאי עבודה) (תיקון מס` 6), התשע""ה-2014",102,אישור החוק,2014-12-08T00:00:00,23:12,1,1,1,12,0,0,1,187,38,4,Unknown,,https://fs.knesset.gov.il//19/law/19_lsr_306601.pdf,852.0,"ועדת העבודה, הרווחה והבריאות"
21741,19,560950,21,543611,"חוק קביעת מועד כניסה לתוקף של הוראות סימון מזון ארוז מראש, התשע""ה-2014",102,אישור החוק,2014-12-08T00:00:00,23:21,1,1,1,15,0,0,1,187,40,4,Unknown,,https://fs.knesset.gov.il//19/law/19_lsr_306615.pdf,858.0,ועדת הכלכלה
21747,19,560950,26,554530,"חוק יסודות התקציב (תיקון מס` 46), התשע""ה-2014",102,אישור החוק,2014-12-08T00:00:00,23:57,1,1,1,9,0,0,1,187,46,4,Unknown,,https://fs.knesset.gov.il//19/law/19_lsr_306605.pdf,847.0,ועדת החוץ והביטחון
21753,19,560952,4,433693,"חוק טיפול בחולי נפש (תיקון מס` 8), התשע""ה-2014",102,אישור החוק,2014-12-09T00:00:00,17:05,1,1,1,14,0,0,1,188,3,4,Unknown,,https://fs.knesset.gov.il//19/law/19_lsr_306617.pdf,852.0,"ועדת העבודה, הרווחה והבריאות"
21755,19,560952,5,544211,"חוק זכויות החולה (תיקון מס` 8), התשע""ה-2014",102,אישור החוק,2014-12-09T00:00:00,17:11,1,1,1,17,0,0,1,188,5,4,Unknown,,https://fs.knesset.gov.il//19/law/19_lsr_306619.pdf,852.0,"ועדת העבודה, הרווחה והבריאות"
21761,19,560952,8,541251,"חוק פיקוח על בתי ספר (תיקון מס` 8), התשע""ה-2014",102,אישור החוק,2014-12-09T00:00:00,17:49,1,1,1,14,0,0,1,188,11,4,Unknown,,https://fs.knesset.gov.il//19/law/19_lsr_306612.pdf,850.0,"ועדת החינוך, התרבות והספורט"
21763,19,560952,9,558576,"חוק מס ערך מוסף (תיקון מס` 49), התשע""ה-2014",102,אישור החוק,2014-12-09T00:00:00,17:55,1,1,1,14,0,0,1,188,13,4,Unknown,,https://fs.knesset.gov.il//19/law/19_lsr_306606.pdf,846.0,ועדת הכספים
21781,19,561176,1,561177,"הצעת חוק זכויות נפגעי עבירה (תיקון מס` 11), התשע""ה-2014 ",102,אישור החוק,2014-12-10T00:00:00,11:31,1,1,1,14,0,0,1,189,2,4,Unknown,,,,
21789,19,561371,9,552954,"חוק נכי רדיפות הנאצים (תיקון מס` 20), התשע""ה-2014",102,אישור החוק,2014-12-29T00:00:00,14:13,1,1,1,11,0,0,1,190,2,4,Unknown,,https://fs.knesset.gov.il//19/law/19_lsr_306621.pdf,855.0,"ועדת החוקה, חוק ומשפט"
21802,19,561474,1,561494,"הצעת חוק הרשות השנייה לטלוויזיה ורדיו (תיקון מס` 39), התשע""ה-2015",102,אישור החוק,2015-01-05T00:00:00,15:44,1,1,1,11,0,0,1,191,5,4,Unknown,,https://fs.knesset.gov.il//19/law/19_lsr_306622.pdf,920.0,הוועדה המשותפת לוועדת הכלכלה ולוועדת החינוך לעניין חוק הרשות השנייה לטלוויזיה ורדיו
21809,19,561657,1,561656,"הצעת חוק שכר מינימום (העלאת סכומי שכר מינימום - הוראת שעה), התשע""ה-2015",102,אישור החוק,2015-01-21T00:00:00,18:39,1,1,1,33,0,0,1,192,5,4,Unknown,,https://fs.knesset.gov.il//19/law/19_lsr_306623.pdf,852.0,"ועדת העבודה, הרווחה והבריאות"
